IP,Region,"Last seen"
31.171.154.75,Albania,2023-04-12T07:36:02+02:00
31.171.154.120,Albania,2023-04-12T07:36:02+02:00
31.171.154.122,Albania,2023-04-12T07:36:02+02:00
176.125.228.10,Algeria,2023-04-12T08:29:02+02:00
176.125.228.20,Algeria,2023-04-12T07:38:04+02:00
176.125.228.35,Algeria,2023-04-12T07:38:04+02:00
188.241.82.14,Andorra,2023-04-12T07:36:02+02:00
188.241.82.24,Andorra,2023-04-12T08:17:04+02:00
188.241.82.38,Andorra,2023-04-12T07:36:02+02:00
146.70.38.82,Argentina,2023-04-12T07:37:04+02:00
146.70.38.29,Argentina,2023-04-12T07:59:02+02:00
146.70.38.37,Argentina,2023-04-12T08:28:03+02:00
185.253.160.4,Armenia,2023-04-12T08:39:05+02:00
181.214.199.152,"AU Melbourne",2023-04-12T07:37:05+02:00
181.214.199.112,"AU Melbourne",2023-04-12T07:37:05+02:00
181.214.199.131,"AU Melbourne",2023-04-12T07:37:05+02:00
179.61.228.36,"AU Perth",2023-04-12T07:28:17+02:00
179.61.228.57,"AU Perth",2023-04-12T07:28:17+02:00
179.61.228.137,"AU Perth",2023-04-12T07:28:17+02:00
154.16.81.198,"AU Sydney",2023-04-12T07:37:05+02:00
191.101.210.83,"AU Sydney",2023-04-12T07:37:05+02:00
154.16.81.207,"AU Sydney",2023-04-12T07:37:05+02:00
156.146.60.17,Austria,2023-04-12T08:27:04+02:00
156.146.60.20,Austria,2023-04-12T07:39:05+02:00
156.146.60.138,Austria,2023-04-12T07:39:05+02:00
95.181.238.9,Bahamas,2023-04-12T07:37:05+02:00
95.181.238.30,Bahamas,2023-04-12T08:37:03+02:00
95.181.238.33,Bahamas,2023-04-12T07:37:05+02:00
84.252.93.3,Bangladesh,2023-04-12T08:16:04+02:00
84.252.93.5,Bangladesh,2023-04-12T07:37:05+02:00
181.214.218.72,Belgium,2023-04-12T07:37:05+02:00
181.214.218.62,Belgium,2023-04-12T07:37:05+02:00
146.70.98.37,Brazil,2023-04-12T07:38:05+02:00
146.70.98.45,Brazil,2023-04-12T07:38:05+02:00
188.241.177.107,Brazil,2023-04-12T07:38:05+02:00
94.156.14.8,Bulgaria,2023-04-12T08:37:04+02:00
94.156.14.7,Bulgaria,2023-04-12T07:29:05+02:00
94.156.14.11,Bulgaria,2023-04-12T08:08:05+02:00
140.228.24.179,"CA Montreal",2023-04-12T07:38:06+02:00
172.98.71.131,"CA Montreal",2023-04-12T07:38:06+02:00
172.98.71.142,"CA Montreal",2023-04-12T07:38:06+02:00
172.83.47.32,"CA Ontario",2023-04-12T07:38:06+02:00
172.83.47.27,"CA Ontario",2023-04-12T07:38:06+02:00
172.83.47.170,"CA Ontario",2023-04-12T07:38:06+02:00
149.36.49.158,"CA Toronto",2023-04-12T07:28:08+02:00
191.96.36.211,"CA Toronto",2023-04-12T07:28:18+02:00
149.36.49.152,"CA Toronto",2023-04-12T07:28:08+02:00
181.214.153.142,"CA Vancouver",2023-04-12T07:39:06+02:00
181.41.202.170,"CA Vancouver",2023-04-12T07:39:06+02:00
181.214.153.147,"CA Vancouver",2023-04-12T07:39:06+02:00
188.215.235.103,Cambodia,2023-04-12T08:28:04+02:00
188.215.235.118,Cambodia,2023-04-12T08:06:05+02:00
188.215.235.119,Cambodia,2023-04-12T08:28:04+02:00
188.241.80.54,China,2023-04-12T07:36:04+02:00
188.241.80.67,China,2023-04-12T07:36:04+02:00
188.241.80.31,China,2023-04-12T08:08:05+02:00
185.253.162.4,Cyprus,2023-04-12T08:36:07+02:00
185.253.162.18,Cyprus,2023-04-12T07:39:07+02:00
185.253.162.25,Cyprus,2023-04-12T08:28:05+02:00
212.102.39.156,"Czech Republic",2023-04-12T08:27:05+02:00
212.102.39.82,"Czech Republic",2023-04-12T07:29:05+02:00
212.102.39.211,"Czech Republic",2023-04-12T07:29:05+02:00
191.101.157.52,"DE Berlin",2023-04-12T07:38:07+02:00
191.101.157.55,"DE Berlin",2023-04-12T07:38:07+02:00
191.101.157.89,"DE Berlin",2023-04-12T07:38:07+02:00
45.88.97.9,"DE Frankfurt",2023-04-12T08:38:04+02:00
212.102.57.206,"DE Frankfurt",2023-04-12T07:29:06+02:00
45.88.97.26,"DE Frankfurt",2023-04-12T07:29:06+02:00
188.126.94.99,Denmark,2023-04-12T07:29:06+02:00
188.126.94.126,Denmark,2023-04-12T07:29:06+02:00
188.126.94.187,Denmark,2023-04-12T07:29:06+02:00
188.214.122.119,Egypt,2023-04-12T07:36:05+02:00
188.214.122.102,Egypt,2023-04-12T08:09:08+02:00
188.214.122.103,Egypt,2023-04-12T08:18:07+02:00
165.231.182.14,Estonia,2023-04-12T07:36:05+02:00
165.231.182.50,Estonia,2023-04-12T07:58:05+02:00
188.126.89.157,Finland,2023-04-12T08:08:06+02:00
188.126.89.59,Finland,2023-04-12T07:39:07+02:00
188.126.89.36,Finland,2023-04-12T07:39:07+02:00
156.146.63.149,France,2023-04-12T07:36:05+02:00
191.101.31.30,France,2023-04-12T07:36:05+02:00
191.101.31.37,France,2023-04-12T08:26:06+02:00
95.181.236.24,Georgia,2023-04-12T08:36:08+02:00
95.181.236.10,Georgia,2023-04-12T07:38:07+02:00
195.146.4.74,Greece,2023-04-12T08:26:06+02:00
195.146.4.82,Greece,2023-04-12T07:29:07+02:00
195.146.6.62,Greece,2023-04-12T09:19:18+02:00
91.90.120.148,Greenland,2023-04-12T08:38:05+02:00
91.90.120.131,Greenland,2023-04-12T07:28:40+02:00
91.90.120.193,Greenland,2023-04-12T07:28:40+02:00
86.107.104.234,"Hong Kong",2023-04-12T07:37:07+02:00
86.107.104.244,"Hong Kong",2023-04-12T07:37:07+02:00
185.94.190.199,Hungary,2023-04-12T07:58:06+02:00
86.106.74.125,Hungary,2023-04-12T08:36:09+02:00
45.133.193.38,Iceland,2023-04-12T08:06:07+02:00
45.133.193.42,Iceland,2023-04-12T07:39:08+02:00
166.0.218.156,India,2023-04-12T07:28:40+02:00
166.0.218.144,India,2023-04-12T07:28:40+02:00
166.0.218.138,India,2023-04-12T07:28:40+02:00
193.56.252.247,Ireland,2023-04-12T07:29:07+02:00
188.241.178.14,Ireland,2023-04-12T07:29:07+02:00
91.90.124.27,"Isle Of Man",2023-04-12T07:36:06+02:00
91.90.124.13,"Isle Of Man",2023-04-12T09:19:19+02:00
91.90.124.19,"Isle Of Man",2023-04-12T07:36:06+02:00
169.150.227.179,Israel,2023-04-12T09:19:19+02:00
169.150.227.184,Israel,2023-04-12T08:26:07+02:00
169.150.248.218,Israel,2023-04-12T07:29:08+02:00
156.146.41.214,Italy,2023-04-12T07:39:08+02:00
156.146.41.6,Italy,2023-04-12T07:39:08+02:00
156.146.41.215,Italy,2023-04-12T08:39:08+02:00
154.47.20.50,Japan,2023-04-12T07:39:08+02:00
154.47.20.164,Japan,2023-04-12T07:39:08+02:00
154.47.20.181,Japan,2023-04-12T07:39:08+02:00
62.133.47.8,Kazakhstan,2023-04-12T07:29:08+02:00
62.133.47.26,Kazakhstan,2023-04-12T08:36:09+02:00
62.133.47.10,Kazakhstan,2023-04-12T08:26:07+02:00
196.196.53.94,Latvia,2023-04-12T07:29:13+02:00
196.196.53.101,Latvia,2023-04-12T07:29:13+02:00
196.196.53.135,Latvia,2023-04-12T07:29:13+02:00
91.90.122.27,Liechtenstein,2023-04-12T07:39:09+02:00
91.90.122.23,Liechtenstein,2023-04-12T07:39:09+02:00
91.90.122.8,Liechtenstein,2023-04-12T09:19:19+02:00
194.32.122.73,Lithuania,2023-04-12T07:37:09+02:00
194.32.122.78,Lithuania,2023-04-12T07:37:09+02:00
194.32.122.79,Lithuania,2023-04-12T07:37:09+02:00
37.46.113.182,Luxembourg,2023-04-12T08:28:07+02:00
37.46.113.197,Luxembourg,2023-04-12T08:28:07+02:00
37.46.113.214,Luxembourg,2023-04-12T07:38:09+02:00
84.252.92.8,Macao,2023-04-12T07:38:09+02:00
84.252.92.14,Macao,2023-04-12T07:38:09+02:00
84.252.92.23,Macao,2023-04-12T07:38:09+02:00
185.225.28.234,Macedonia,2023-04-12T07:57:07+02:00
185.225.31.30,Macedonia,2023-04-12T07:28:41+02:00
176.125.230.22,Malta,2023-04-12T08:17:09+02:00
176.125.230.35,Malta,2023-04-12T07:29:14+02:00
176.125.230.11,Malta,2023-04-12T08:08:08+02:00
77.81.142.242,Mexico,2023-04-12T07:28:41+02:00
77.81.142.251,Mexico,2023-04-12T08:39:09+02:00
77.81.142.249,Mexico,2023-04-12T07:58:07+02:00
178.175.128.45,Moldova,2023-04-12T07:38:09+02:00
178.175.129.35,Moldova,2023-04-12T07:38:09+02:00
178.175.129.40,Moldova,2023-04-12T08:37:07+02:00
95.181.233.10,Monaco,2023-04-12T07:37:09+02:00
95.181.233.3,Monaco,2023-04-12T08:39:09+02:00
192.142.227.19,Mongolia,2023-04-12T08:39:09+02:00
192.142.227.20,Mongolia,2023-04-12T07:59:07+02:00
176.125.229.19,Montenegro,2023-04-12T08:39:09+02:00
176.125.229.24,Montenegro,2023-04-12T08:37:07+02:00
95.181.232.6,Morocco,2023-04-12T07:29:14+02:00
95.181.232.8,Morocco,2023-04-12T07:29:14+02:00
95.181.232.28,Morocco,2023-04-12T07:49:09+02:00
195.78.54.61,Netherlands,2023-04-12T07:29:14+02:00
212.102.35.148,Netherlands,2023-04-12T07:29:14+02:00
212.102.35.152,Netherlands,2023-04-12T07:29:14+02:00
179.61.240.28,"New Zealand",2023-04-12T08:08:08+02:00
179.61.240.93,"New Zealand",2023-04-12T07:39:10+02:00
179.61.240.103,"New Zealand",2023-04-12T07:39:10+02:00
146.70.65.156,Nigeria,2023-04-12T07:37:10+02:00
146.70.65.155,Nigeria,2023-04-12T07:37:10+02:00
146.70.65.133,Nigeria,2023-04-12T07:37:10+02:00
46.246.122.102,Norway,2023-04-12T07:36:08+02:00
46.246.122.171,Norway,2023-04-12T07:36:08+02:00
46.246.122.174,Norway,2023-04-12T07:36:08+02:00
91.90.126.9,Panama,2023-04-12T07:37:10+02:00
91.90.126.5,Panama,2023-04-12T07:37:10+02:00
91.90.126.53,Panama,2023-04-12T07:37:10+02:00
188.214.125.186,Philippines,2023-04-12T07:28:42+02:00
188.214.125.137,Philippines,2023-04-12T07:46:10+02:00
188.214.125.134,Philippines,2023-04-12T09:19:21+02:00
138.199.59.212,Poland,2023-04-12T07:37:10+02:00
138.199.59.198,Poland,2023-04-12T08:39:10+02:00
146.70.59.10,Portugal,2023-04-12T07:49:09+02:00
146.70.59.40,Portugal,2023-04-12T08:38:07+02:00
146.70.59.44,Portugal,2023-04-12T08:27:08+02:00
95.181.234.30,Qatar,2023-04-12T08:16:13+02:00
95.181.234.17,Qatar,2023-04-12T07:28:42+02:00
95.181.234.37,Qatar,2023-04-12T07:28:42+02:00
143.244.52.26,Romania,2023-04-12T07:29:15+02:00
143.244.54.134,Romania,2023-04-12T08:07:09+02:00
143.244.52.5,Romania,2023-04-12T07:29:15+02:00
95.181.235.158,"Saudi Arabia",2023-04-12T07:37:11+02:00
95.181.235.8,"Saudi Arabia",2023-04-12T08:36:12+02:00
95.181.235.9,"Saudi Arabia",2023-04-12T08:18:10+02:00
37.46.115.25,Serbia,2023-04-12T07:47:10+02:00
156.146.57.122,Singapore,2023-04-12T07:57:09+02:00
156.146.57.62,Singapore,2023-04-12T07:36:13+02:00
156.146.57.136,Singapore,2023-04-12T07:36:13+02:00
156.146.57.188,Singapore,2023-04-12T08:07:10+02:00
37.120.221.86,Slovakia,2023-04-12T07:37:11+02:00
37.120.221.222,Slovakia,2023-04-12T08:36:12+02:00
154.47.30.77,"South Africa",2023-04-12T07:37:11+02:00
154.47.30.89,"South Africa",2023-04-12T09:25:12+02:00
212.102.49.6,Spain,2023-04-12T08:36:12+02:00
212.102.49.75,Spain,2023-04-12T07:59:09+02:00
212.102.49.78,Spain,2023-04-12T07:28:43+02:00
95.181.239.4,"Sri Lanka",2023-04-12T08:06:10+02:00
95.181.239.9,"Sri Lanka",2023-04-12T08:37:09+02:00
95.181.239.10,"Sri Lanka",2023-04-12T07:37:11+02:00
46.246.3.191,Sweden,2023-04-12T07:38:12+02:00
46.246.3.210,Sweden,2023-04-12T07:38:12+02:00
195.246.120.81,Sweden,2023-04-12T07:38:12+02:00
156.146.62.216,Switzerland,2023-04-12T08:37:09+02:00
156.146.62.222,Switzerland,2023-04-12T07:37:11+02:00
156.146.62.145,Switzerland,2023-04-12T07:37:11+02:00
173.244.49.52,Taiwan,2023-04-12T08:39:11+02:00
173.244.49.65,Taiwan,2023-04-12T07:39:11+02:00
173.244.49.78,Taiwan,2023-04-12T08:29:09+02:00
188.213.34.73,Turkey,2023-04-12T07:36:14+02:00
188.213.34.85,Turkey,2023-04-12T07:36:14+02:00
188.213.34.76,Turkey,2023-04-12T08:39:11+02:00
138.199.29.3,"UK London",2023-04-12T07:28:44+02:00
181.215.176.20,"UK London",2023-04-12T07:28:44+02:00
194.110.13.26,"UK London",2023-04-12T07:28:44+02:00
45.133.172.203,"UK Manchester",2023-04-12T07:29:16+02:00
45.133.172.87,"UK Manchester",2023-04-12T07:29:16+02:00
45.133.173.25,"UK Manchester",2023-04-12T07:29:16+02:00
98.159.234.73,"UK Southampton",2023-04-12T07:28:44+02:00
98.159.234.92,"UK Southampton",2023-04-12T07:28:44+02:00
98.159.234.107,"UK Southampton",2023-04-12T07:28:44+02:00
84.239.42.18,Ukraine,2023-04-12T08:09:15+02:00
154.6.130.144,Ukraine,2023-04-12T07:37:12+02:00
84.239.42.5,Ukraine,2023-04-12T07:37:12+02:00
146.70.102.4,"United Arab Emirates",2023-04-12T07:36:14+02:00
217.138.193.165,"United Arab Emirates",2023-04-12T07:36:14+02:00
217.138.193.174,"United Arab Emirates",2023-04-12T08:37:09+02:00
5.182.110.176,"US Atlanta",2023-04-12T07:28:44+02:00
181.214.167.42,"US Atlanta",2023-04-12T08:06:11+02:00
5.182.110.178,"US Atlanta",2023-04-12T07:28:44+02:00
102.129.145.157,"US California",2023-04-12T07:28:44+02:00
143.244.48.18,"US California",2023-04-12T08:08:11+02:00
143.244.49.10,"US California",2023-04-12T07:28:44+02:00
181.214.166.200,"US Chicago",2023-04-12T07:28:44+02:00
181.214.166.149,"US Chicago",2023-04-12T07:28:44+02:00
181.214.164.45,"US Chicago",2023-04-12T07:28:44+02:00
181.41.206.241,"US Denver",2023-04-12T07:37:12+02:00
181.41.206.97,"US Denver",2023-04-12T07:37:12+02:00
181.41.206.238,"US Denver",2023-04-12T07:37:12+02:00
102.165.16.103,"US East",2023-04-12T07:29:17+02:00
102.165.16.120,"US East",2023-04-12T07:29:17+02:00
191.96.185.22,"US East",2023-04-12T07:29:17+02:00
102.129.153.50,"US Florida",2023-04-12T07:29:17+02:00
102.129.153.63,"US Florida",2023-04-12T07:29:17+02:00
102.129.153.160,"US Florida",2023-04-12T07:29:17+02:00
37.19.221.35,"US Houston",2023-04-12T07:39:12+02:00
37.19.221.48,"US Houston",2023-04-12T07:39:12+02:00
181.214.227.9,"US Houston",2023-04-12T07:39:12+02:00
154.16.105.79,"US Las Vegas",2023-04-12T08:27:10+02:00
154.16.105.98,"US Las Vegas",2023-04-12T07:28:16+02:00
154.16.105.102,"US Las Vegas",2023-04-12T07:28:16+02:00
191.96.227.91,"US New York",2023-04-12T07:28:45+02:00
191.96.150.113,"US New York",2023-04-12T07:28:45+02:00
154.16.192.15,"US New York",2023-04-12T07:28:45+02:00
156.146.48.214,"US Seattle",2023-04-12T07:36:15+02:00
191.96.37.19,"US Seattle",2023-04-12T07:36:15+02:00
191.96.37.167,"US Seattle",2023-04-12T07:36:15+02:00
66.115.165.114,"US Silicon Valley",2023-04-12T07:39:12+02:00
66.115.165.122,"US Silicon Valley",2023-04-12T07:39:12+02:00
102.129.232.80,"US Silicon Valley",2023-04-12T07:39:12+02:00
181.214.93.175,"US Texas",2023-04-12T07:28:16+02:00
156.146.39.58,"US Texas",2023-04-12T07:28:16+02:00
102.129.234.215,"US Texas",2023-04-12T07:28:16+02:00
102.129.235.82,"US Washington Dc",2023-04-12T07:38:13+02:00
181.214.94.9,"US Washington Dc",2023-04-12T07:38:13+02:00
102.129.235.30,"US Washington Dc",2023-04-12T07:38:13+02:00
107.181.184.221,"US West",2023-04-12T07:29:18+02:00
184.170.241.171,"US West",2023-04-12T07:29:18+02:00
184.170.242.200,"US West",2023-04-12T07:29:18+02:00
95.181.237.45,Venezuela,2023-04-12T07:38:13+02:00
95.181.237.20,Venezuela,2023-04-12T07:56:12+02:00
95.181.237.37,Venezuela,2023-04-12T08:39:13+02:00
149.18.84.28,Vietnam,2023-04-12T08:16:16+02:00
149.18.84.66,Vietnam,2023-04-12T07:57:12+02:00
149.18.84.67,Vietnam,2023-04-12T08:06:12+02:00
179.61.197.252,"CA Toronto",2023-04-12T07:37:06+02:00
191.96.36.166,"CA Toronto",2023-04-12T07:37:06+02:00
179.61.197.225,"CA Toronto",2023-04-12T07:37:06+02:00
86.106.74.124,Hungary,2023-04-12T07:36:05+02:00
185.94.190.205,Hungary,2023-04-12T08:39:07+02:00
217.138.192.221,Hungary,2023-04-12T08:17:07+02:00
181.215.176.52,"UK London",2023-04-12T07:38:12+02:00
181.214.166.113,"US Chicago",2023-04-12T07:38:13+02:00
181.214.166.116,"US Chicago",2023-04-12T07:38:13+02:00
181.214.166.133,"US Chicago",2023-04-12T07:39:12+02:00
191.101.61.55,"US Las Vegas",2023-04-12T07:38:13+02:00
154.16.105.75,"US Las Vegas",2023-04-12T07:38:13+02:00
181.215.182.30,"US Texas",2023-04-12T07:38:13+02:00
102.129.234.110,"US Texas",2023-04-12T07:38:13+02:00
181.215.182.172,"US Texas",2023-04-12T07:38:13+02:00
179.61.228.18,"AU Perth",2023-04-12T07:37:05+02:00
179.61.228.37,"AU Perth",2023-04-12T07:37:05+02:00
179.61.228.157,"AU Perth",2023-04-12T07:37:05+02:00
91.90.120.170,Greenland,2023-04-12T07:36:05+02:00
91.90.120.163,Greenland,2023-04-12T07:36:05+02:00
91.90.120.140,Greenland,2023-04-12T07:57:06+02:00
95.181.232.3,Morocco,2023-04-12T08:28:07+02:00
95.181.232.4,Morocco,2023-04-12T08:17:09+02:00
95.181.232.38,Morocco,2023-04-12T07:38:10+02:00
212.102.49.26,Spain,2023-04-12T07:37:11+02:00
212.102.49.29,Spain,2023-04-12T08:36:12+02:00
212.102.49.200,Spain,2023-04-12T08:08:10+02:00
166.0.218.132,India,2023-04-12T07:36:06+02:00
166.0.218.133,India,2023-04-12T08:37:05+02:00
62.133.47.21,Kazakhstan,2023-04-12T07:37:08+02:00
185.225.28.235,Macedonia,2023-04-12T07:57:07+02:00
185.225.31.26,Macedonia,2023-04-12T08:36:10+02:00
77.81.142.51,Mexico,2023-04-12T07:36:07+02:00
77.81.142.52,Mexico,2023-04-12T07:36:07+02:00
77.81.142.81,Mexico,2023-04-12T07:36:07+02:00
188.214.125.149,Philippines,2023-04-12T07:36:13+02:00
188.214.125.184,Philippines,2023-04-12T07:36:13+02:00
95.181.234.3,Qatar,2023-04-12T07:37:10+02:00
95.181.234.18,Qatar,2023-04-12T08:26:09+02:00
95.181.234.22,Qatar,2023-04-12T08:26:09+02:00
37.46.115.26,Serbia,2023-04-12T07:39:10+02:00
37.46.115.21,Serbia,2023-04-12T08:38:08+02:00
37.46.115.19,Serbia,2023-04-12T08:38:08+02:00
194.110.13.68,"UK London",2023-04-12T07:38:12+02:00
138.199.29.15,"UK London",2023-04-12T07:38:12+02:00
98.159.234.43,"UK Southampton",2023-04-12T07:37:12+02:00
98.159.234.53,"UK Southampton",2023-04-12T07:37:12+02:00
98.159.234.120,"UK Southampton",2023-04-12T07:37:12+02:00
5.182.110.5,"US Atlanta",2023-04-12T07:36:15+02:00
181.214.167.23,"US Atlanta",2023-04-12T07:36:15+02:00
181.214.167.145,"US Atlanta",2023-04-12T07:36:15+02:00
102.129.145.137,"US California",2023-04-12T07:36:15+02:00
102.129.145.152,"US California",2023-04-12T07:36:15+02:00
154.16.192.34,"US New York",2023-04-12T07:38:13+02:00
154.16.192.48,"US New York",2023-04-12T07:38:13+02:00
191.96.150.137,"US New York",2023-04-12T07:38:13+02:00
94.156.14.24,Bulgaria,2023-04-12T07:38:06+02:00
94.156.14.28,Bulgaria,2023-04-12T08:39:06+02:00
94.156.14.9,Bulgaria,2023-04-12T08:39:06+02:00
212.102.39.83,"Czech Republic",2023-04-12T07:39:07+02:00
212.102.39.87,"Czech Republic",2023-04-12T07:39:07+02:00
212.102.39.145,"Czech Republic",2023-04-12T07:39:07+02:00
216.24.216.245,"DE Frankfurt",2023-04-12T07:38:07+02:00
212.102.57.216,"DE Frankfurt",2023-04-12T07:38:07+02:00
45.88.97.13,"DE Frankfurt",2023-04-12T07:38:07+02:00
188.126.94.81,Denmark,2023-04-12T07:38:07+02:00
188.126.94.83,Denmark,2023-04-12T08:07:06+02:00
188.126.94.93,Denmark,2023-04-12T07:38:07+02:00
195.146.4.79,Greece,2023-04-12T08:37:05+02:00
195.146.6.53,Greece,2023-04-12T07:37:07+02:00
195.146.6.58,Greece,2023-04-12T07:37:07+02:00
188.241.178.7,Ireland,2023-04-12T07:38:08+02:00
193.56.252.243,Ireland,2023-04-12T07:38:08+02:00
193.56.252.244,Ireland,2023-04-12T08:29:06+02:00
169.150.227.183,Israel,2023-04-12T07:37:08+02:00
169.150.227.186,Israel,2023-04-12T07:37:08+02:00
169.150.248.217,Israel,2023-04-12T07:37:08+02:00
62.133.47.22,Kazakhstan,2023-04-12T08:39:08+02:00
196.196.53.5,Latvia,2023-04-12T08:16:11+02:00
196.196.53.11,Latvia,2023-04-12T07:39:08+02:00
196.196.53.132,Latvia,2023-04-12T08:39:08+02:00
176.125.230.13,Malta,2023-04-12T08:26:08+02:00
176.125.230.17,Malta,2023-04-12T07:37:09+02:00
176.125.230.37,Malta,2023-04-12T08:36:10+02:00
192.142.227.15,Mongolia,2023-04-12T08:16:12+02:00
192.142.227.16,Mongolia,2023-04-12T07:59:07+02:00
192.142.227.25,Mongolia,2023-04-12T08:28:07+02:00
212.102.35.22,Netherlands,2023-04-12T07:39:09+02:00
154.47.21.148,Netherlands,2023-04-12T07:39:09+02:00
181.214.206.175,Netherlands,2023-04-12T07:39:09+02:00
146.70.59.16,Portugal,2023-04-12T07:36:13+02:00
146.70.59.30,Portugal,2023-04-12T07:36:13+02:00
146.70.59.48,Portugal,2023-04-12T08:08:09+02:00
143.244.52.6,Romania,2023-04-12T07:38:11+02:00
143.244.52.18,Romania,2023-04-12T07:59:08+02:00
143.244.54.123,Romania,2023-04-12T07:38:11+02:00
45.133.172.60,"UK Manchester",2023-04-12T07:38:12+02:00
45.133.172.25,"UK Manchester",2023-04-12T08:37:09+02:00
45.133.172.219,"UK Manchester",2023-04-12T07:38:12+02:00
102.165.16.90,"US East",2023-04-12T07:36:15+02:00
102.165.16.130,"US East",2023-04-12T07:36:15+02:00
102.165.16.154,"US East",2023-04-12T07:36:15+02:00
102.129.153.53,"US Florida",2023-04-12T07:38:13+02:00
102.129.153.58,"US Florida",2023-04-12T07:38:13+02:00
102.129.153.163,"US Florida",2023-04-12T07:38:13+02:00
107.181.184.214,"US West",2023-04-12T07:37:13+02:00
184.170.252.236,"US West",2023-04-12T07:37:13+02:00
184.170.252.240,"US West",2023-04-12T07:37:13+02:00
149.18.84.29,Vietnam,2023-04-12T07:38:14+02:00
149.18.84.43,Vietnam,2023-04-12T08:28:11+02:00
149.18.84.56,Vietnam,2023-04-12T07:38:14+02:00
188.214.122.106,Egypt,2023-04-12T07:48:06+02:00
77.81.142.23,Mexico,2023-04-12T07:49:08+02:00
77.81.142.77,Mexico,2023-04-12T07:49:08+02:00
31.171.154.68,Albania,2023-04-12T07:48:03+02:00
31.171.154.139,Albania,2023-04-12T07:48:03+02:00
188.241.82.18,Andorra,2023-04-12T07:46:04+02:00
188.241.82.4,Andorra,2023-04-12T08:17:04+02:00
188.241.82.36,Andorra,2023-04-12T08:09:03+02:00
188.241.80.33,China,2023-04-12T08:38:04+02:00
188.241.80.45,China,2023-04-12T07:47:06+02:00
188.241.80.53,China,2023-04-12T07:47:06+02:00
188.214.122.120,Egypt,2023-04-12T08:39:07+02:00
188.214.122.124,Egypt,2023-04-12T07:48:06+02:00
165.231.182.47,Estonia,2023-04-12T07:48:06+02:00
165.231.182.115,Estonia,2023-04-12T07:48:06+02:00
165.231.182.20,Estonia,2023-04-12T07:48:06+02:00
191.101.31.33,France,2023-04-12T07:47:07+02:00
191.101.31.45,France,2023-04-12T07:47:07+02:00
191.101.31.55,France,2023-04-12T07:47:07+02:00
91.90.120.147,Greenland,2023-04-12T07:48:06+02:00
91.90.120.166,Greenland,2023-04-12T07:48:06+02:00
91.90.120.169,Greenland,2023-04-12T07:48:06+02:00
185.94.190.195,Hungary,2023-04-12T07:46:07+02:00
185.94.190.204,Hungary,2023-04-12T08:36:09+02:00
166.0.218.139,India,2023-04-12T07:46:07+02:00
166.0.218.147,India,2023-04-12T08:39:08+02:00
166.0.218.150,India,2023-04-12T07:46:07+02:00
91.90.124.25,"Isle Of Man",2023-04-12T07:46:08+02:00
91.90.124.32,"Isle Of Man",2023-04-12T08:37:06+02:00
77.81.142.111,Mexico,2023-04-12T07:49:08+02:00
176.125.229.4,Montenegro,2023-04-12T08:39:09+02:00
176.125.229.6,Montenegro,2023-04-12T07:46:09+02:00
176.125.229.14,Montenegro,2023-04-12T07:46:09+02:00
46.246.122.165,Norway,2023-04-12T08:27:08+02:00
46.246.122.60,Norway,2023-04-12T07:48:09+02:00
188.214.125.148,Philippines,2023-04-12T07:46:10+02:00
188.214.125.181,Philippines,2023-04-12T08:39:10+02:00
146.70.59.39,Portugal,2023-04-12T08:18:10+02:00
146.70.59.25,Portugal,2023-04-12T07:49:09+02:00
138.199.24.6,Singapore,2023-04-12T07:48:09+02:00
138.199.24.16,Singapore,2023-04-12T07:48:09+02:00
156.146.57.189,Singapore,2023-04-12T07:48:09+02:00
37.120.221.221,Slovakia,2023-04-12T07:49:10+02:00
37.120.221.214,Slovakia,2023-04-12T07:49:10+02:00
37.120.221.92,Slovakia,2023-04-12T07:49:10+02:00
188.213.34.68,Turkey,2023-04-12T08:39:11+02:00
188.213.34.74,Turkey,2023-04-12T08:39:11+02:00
188.213.34.106,Turkey,2023-04-12T07:47:10+02:00
146.70.102.11,"United Arab Emirates",2023-04-12T07:49:11+02:00
217.138.193.156,"United Arab Emirates",2023-04-12T08:37:09+02:00
217.138.193.152,"United Arab Emirates",2023-04-12T07:49:11+02:00
181.214.167.10,"US Atlanta",2023-04-12T07:47:11+02:00
181.214.167.29,"US Atlanta",2023-04-12T07:47:11+02:00
181.214.167.119,"US Atlanta",2023-04-12T07:47:11+02:00
143.244.49.2,"US California",2023-04-12T07:48:11+02:00
102.129.145.221,"US California",2023-04-12T07:48:11+02:00
191.96.106.231,"US California",2023-04-12T07:48:11+02:00
102.165.16.107,"US East",2023-04-12T07:47:11+02:00
102.165.16.143,"US East",2023-04-12T07:47:11+02:00
191.96.185.163,"US East",2023-04-12T07:47:11+02:00
191.96.103.20,"US Seattle",2023-04-12T07:47:12+02:00
156.146.48.211,"US Seattle",2023-04-12T07:47:12+02:00
191.96.103.23,"US Seattle",2023-04-12T08:07:12+02:00
107.181.184.234,"US West",2023-04-12T07:46:13+02:00
184.170.242.173,"US West",2023-04-12T07:46:13+02:00
172.98.87.170,"US West",2023-04-12T07:46:13+02:00
146.70.38.81,Argentina,2023-04-12T07:46:04+02:00
146.70.38.83,Argentina,2023-04-12T07:46:04+02:00
146.70.38.103,Argentina,2023-04-12T07:46:04+02:00
154.6.151.178,"AU Melbourne",2023-04-12T07:48:04+02:00
154.6.151.168,"AU Melbourne",2023-04-12T07:48:04+02:00
154.6.151.150,"AU Melbourne",2023-04-12T07:48:04+02:00
179.61.228.50,"AU Perth",2023-04-12T07:46:04+02:00
179.61.228.81,"AU Perth",2023-04-12T07:46:04+02:00
154.16.81.123,"AU Sydney",2023-04-12T07:48:04+02:00
154.16.81.138,"AU Sydney",2023-04-12T07:48:04+02:00
191.101.210.141,"AU Sydney",2023-04-12T07:48:04+02:00
95.181.238.54,Bahamas,2023-04-12T08:39:05+02:00
95.181.238.55,Bahamas,2023-04-12T07:47:05+02:00
95.181.238.98,Bahamas,2023-04-12T07:47:05+02:00
84.252.93.8,Bangladesh,2023-04-12T08:16:04+02:00
84.252.93.10,Bangladesh,2023-04-12T08:39:05+02:00
181.214.218.44,Belgium,2023-04-12T08:37:03+02:00
181.214.218.69,Belgium,2023-04-12T07:47:05+02:00
181.214.218.67,Belgium,2023-04-12T07:47:05+02:00
149.36.49.190,"CA Toronto",2023-04-12T07:48:05+02:00
191.96.36.123,"CA Toronto",2023-04-12T07:48:05+02:00
191.96.36.213,"CA Toronto",2023-04-12T07:48:05+02:00
195.146.4.78,Greece,2023-04-12T08:39:07+02:00
195.146.6.57,Greece,2023-04-12T08:26:06+02:00
195.146.6.78,Greece,2023-04-12T07:48:06+02:00
86.107.104.242,"Hong Kong",2023-04-12T08:08:06+02:00
86.107.104.251,"Hong Kong",2023-04-12T07:48:06+02:00
169.150.227.175,Israel,2023-04-12T07:48:07+02:00
169.150.248.224,Israel,2023-04-12T08:39:08+02:00
169.150.248.230,Israel,2023-04-12T07:48:07+02:00
62.133.47.13,Kazakhstan,2023-04-12T08:06:08+02:00
194.32.122.43,Lithuania,2023-04-12T07:47:08+02:00
194.32.122.85,Lithuania,2023-04-12T08:07:08+02:00
176.125.230.10,Malta,2023-04-12T07:49:08+02:00
176.125.230.21,Malta,2023-04-12T07:49:08+02:00
176.125.230.36,Malta,2023-04-12T08:17:09+02:00
95.181.233.11,Monaco,2023-04-12T08:38:06+02:00
95.181.233.15,Monaco,2023-04-12T08:16:12+02:00
95.181.233.9,Monaco,2023-04-12T07:47:09+02:00
146.70.65.141,Nigeria,2023-04-12T08:39:10+02:00
146.70.65.131,Nigeria,2023-04-12T08:28:08+02:00
91.90.126.71,Panama,2023-04-12T07:46:10+02:00
91.90.126.58,Panama,2023-04-12T07:46:10+02:00
91.90.126.54,Panama,2023-04-12T07:46:10+02:00
138.199.59.196,Poland,2023-04-12T08:37:08+02:00
138.199.59.201,Poland,2023-04-12T08:29:08+02:00
138.199.59.216,Poland,2023-04-12T07:46:10+02:00
95.181.234.8,Qatar,2023-04-12T07:46:10+02:00
95.181.234.16,Qatar,2023-04-12T08:07:09+02:00
95.181.234.34,Qatar,2023-04-12T07:46:10+02:00
95.181.235.13,"Saudi Arabia",2023-04-12T07:45:09+02:00
154.47.30.41,"South Africa",2023-04-12T07:46:11+02:00
154.47.30.91,"South Africa",2023-04-12T07:46:11+02:00
154.47.30.47,"South Africa",2023-04-12T07:46:11+02:00
212.102.49.20,Spain,2023-04-12T07:46:11+02:00
212.102.49.76,Spain,2023-04-12T08:39:11+02:00
212.102.49.211,Spain,2023-04-12T07:46:11+02:00
95.181.239.12,"Sri Lanka",2023-04-12T08:37:09+02:00
95.181.239.5,"Sri Lanka",2023-04-12T08:06:10+02:00
95.181.239.8,"Sri Lanka",2023-04-12T08:39:11+02:00
212.102.36.19,Switzerland,2023-04-12T07:46:11+02:00
79.142.79.39,Switzerland,2023-04-12T07:46:11+02:00
156.146.62.141,Switzerland,2023-04-12T07:46:11+02:00
193.239.84.84,"UK Manchester",2023-04-12T07:46:11+02:00
45.133.172.221,"UK Manchester",2023-04-12T07:46:11+02:00
193.239.84.52,"UK Manchester",2023-04-12T07:46:11+02:00
98.159.234.7,"UK Southampton",2023-04-12T07:47:11+02:00
98.159.234.76,"UK Southampton",2023-04-12T07:47:11+02:00
98.159.234.89,"UK Southampton",2023-04-12T07:47:11+02:00
84.239.42.20,Ukraine,2023-04-12T07:48:10+02:00
154.6.130.136,Ukraine,2023-04-12T07:48:10+02:00
154.6.130.149,Ukraine,2023-04-12T07:48:10+02:00
181.41.206.150,"US Denver",2023-04-12T07:48:11+02:00
181.41.206.214,"US Denver",2023-04-12T07:48:11+02:00
181.41.206.217,"US Denver",2023-04-12T07:48:11+02:00
176.125.228.31,Algeria,2023-04-12T07:47:04+02:00
176.125.228.39,Algeria,2023-04-12T07:47:04+02:00
146.70.98.25,Brazil,2023-04-12T07:49:04+02:00
188.241.177.57,Brazil,2023-04-12T08:39:06+02:00
188.241.177.244,Brazil,2023-04-12T07:49:04+02:00
94.156.14.19,Bulgaria,2023-04-12T08:37:04+02:00
94.156.14.23,Bulgaria,2023-04-12T08:26:05+02:00
94.156.14.29,Bulgaria,2023-04-12T07:48:05+02:00
172.98.71.135,"CA Montreal",2023-04-12T07:47:05+02:00
140.228.21.106,"CA Montreal",2023-04-12T07:47:05+02:00
140.228.24.173,"CA Montreal",2023-04-12T07:47:05+02:00
172.83.47.84,"CA Ontario",2023-04-12T07:48:05+02:00
198.8.95.222,"CA Ontario",2023-04-12T07:48:05+02:00
198.8.95.225,"CA Ontario",2023-04-12T07:48:05+02:00
188.215.235.122,Cambodia,2023-04-12T08:38:03+02:00
188.215.235.110,Cambodia,2023-04-12T07:48:05+02:00
191.101.157.174,"DE Berlin",2023-04-12T07:47:06+02:00
191.101.157.164,"DE Berlin",2023-04-12T07:47:06+02:00
191.101.157.79,"DE Berlin",2023-04-12T07:47:06+02:00
45.88.97.54,"DE Frankfurt",2023-04-12T07:46:06+02:00
45.88.97.215,"DE Frankfurt",2023-04-12T07:46:06+02:00
216.24.216.247,"DE Frankfurt",2023-04-12T07:46:06+02:00
46.246.106.36,Denmark,2023-04-12T08:18:07+02:00
188.126.94.106,Denmark,2023-04-12T07:48:06+02:00
95.181.236.4,Georgia,2023-04-12T08:36:08+02:00
95.181.236.18,Georgia,2023-04-12T07:49:06+02:00
95.181.236.23,Georgia,2023-04-12T07:49:06+02:00
193.56.252.218,Ireland,2023-04-12T07:49:07+02:00
193.56.252.248,Ireland,2023-04-12T07:49:07+02:00
37.46.113.166,Luxembourg,2023-04-12T07:48:08+02:00
37.46.113.180,Luxembourg,2023-04-12T07:48:08+02:00
84.252.92.5,Macao,2023-04-12T07:47:08+02:00
84.252.92.28,Macao,2023-04-12T08:38:06+02:00
84.252.92.26,Macao,2023-04-12T07:47:08+02:00
178.175.128.39,Moldova,2023-04-12T08:39:09+02:00
178.175.128.40,Moldova,2023-04-12T07:49:08+02:00
178.175.129.41,Moldova,2023-04-12T08:39:09+02:00
95.181.232.31,Morocco,2023-04-12T08:38:07+02:00
143.244.54.148,Romania,2023-04-12T08:07:09+02:00
143.244.54.127,Romania,2023-04-12T07:47:10+02:00
143.244.52.19,Romania,2023-04-12T08:36:12+02:00
195.246.120.16,Sweden,2023-04-12T07:49:10+02:00
195.246.120.73,Sweden,2023-04-12T07:49:10+02:00
195.246.120.31,Sweden,2023-04-12T07:49:10+02:00
181.215.176.76,"UK London",2023-04-12T07:47:10+02:00
194.110.13.64,"UK London",2023-04-12T07:47:10+02:00
138.199.29.54,"UK London",2023-04-12T07:47:10+02:00
181.214.165.56,"US Chicago",2023-04-12T07:47:11+02:00
181.214.165.156,"US Chicago",2023-04-12T07:47:11+02:00
212.102.59.236,"US Chicago",2023-04-12T07:47:11+02:00
102.129.152.63,"US Florida",2023-04-12T07:46:12+02:00
143.244.34.200,"US Florida",2023-04-12T07:46:12+02:00
102.129.153.161,"US Florida",2023-04-12T07:46:12+02:00
154.16.105.174,"US Las Vegas",2023-04-12T07:46:12+02:00
191.101.61.66,"US Las Vegas",2023-04-12T07:46:12+02:00
154.16.105.189,"US Las Vegas",2023-04-12T08:08:11+02:00
191.96.150.120,"US New York",2023-04-12T07:48:11+02:00
191.96.150.121,"US New York",2023-04-12T07:48:11+02:00
191.96.227.104,"US New York",2023-04-12T08:29:11+02:00
156.146.39.38,"US Texas",2023-04-12T08:09:16+02:00
102.129.234.227,"US Texas",2023-04-12T07:49:12+02:00
156.146.39.20,"US Texas",2023-04-12T07:49:12+02:00
102.129.235.83,"US Washington Dc",2023-04-12T07:47:12+02:00
149.18.24.198,"US Washington Dc",2023-04-12T07:47:12+02:00
149.18.24.243,"US Washington Dc",2023-04-12T07:47:12+02:00
95.181.237.32,Venezuela,2023-04-12T07:47:12+02:00
95.181.237.40,Venezuela,2023-04-12T08:17:13+02:00
149.18.84.38,Vietnam,2023-04-12T08:39:13+02:00
149.18.84.51,Vietnam,2023-04-12T07:48:12+02:00
149.18.84.55,Vietnam,2023-04-12T07:48:12+02:00
185.253.160.9,Armenia,2023-04-12T07:48:04+02:00
185.253.160.13,Armenia,2023-04-12T08:38:02+02:00
156.146.60.19,Austria,2023-04-12T08:36:06+02:00
156.146.60.81,Austria,2023-04-12T08:27:04+02:00
156.146.60.83,Austria,2023-04-12T07:49:04+02:00
208.78.42.61,"CA Vancouver",2023-04-12T07:48:05+02:00
181.214.153.157,"CA Vancouver",2023-04-12T07:48:05+02:00
181.214.153.161,"CA Vancouver",2023-04-12T07:48:05+02:00
185.253.162.5,Cyprus,2023-04-12T08:39:06+02:00
185.253.162.16,Cyprus,2023-04-12T07:49:05+02:00
185.253.162.21,Cyprus,2023-04-12T08:08:05+02:00
212.102.39.206,"Czech Republic",2023-04-12T07:48:05+02:00
212.102.39.209,"Czech Republic",2023-04-12T07:48:05+02:00
212.102.39.98,"Czech Republic",2023-04-12T07:48:05+02:00
188.126.89.158,Finland,2023-04-12T07:48:06+02:00
188.126.89.49,Finland,2023-04-12T07:48:06+02:00
188.126.89.84,Finland,2023-04-12T07:48:06+02:00
45.133.193.44,Iceland,2023-04-12T08:06:07+02:00
45.133.193.86,Iceland,2023-04-12T08:17:07+02:00
156.146.41.203,Italy,2023-04-12T07:48:07+02:00
156.146.41.74,Italy,2023-04-12T07:48:07+02:00
154.47.20.109,Japan,2023-04-12T07:47:08+02:00
154.47.20.139,Japan,2023-04-12T08:26:07+02:00
154.47.20.190,Japan,2023-04-12T07:47:08+02:00
196.196.53.106,Latvia,2023-04-12T07:47:08+02:00
196.196.53.137,Latvia,2023-04-12T07:47:08+02:00
91.90.122.24,Liechtenstein,2023-04-12T08:39:08+02:00
91.90.122.26,Liechtenstein,2023-04-12T08:28:07+02:00
185.225.31.29,Macedonia,2023-04-12T07:47:08+02:00
185.225.28.229,Macedonia,2023-04-12T08:17:08+02:00
185.225.28.236,Macedonia,2023-04-12T08:36:10+02:00
192.142.227.18,Mongolia,2023-04-12T08:28:07+02:00
192.142.227.23,Mongolia,2023-04-12T07:46:09+02:00
192.142.227.24,Mongolia,2023-04-12T08:07:08+02:00
191.96.168.180,Netherlands,2023-04-12T07:48:08+02:00
212.102.35.153,Netherlands,2023-04-12T07:48:08+02:00
143.244.41.201,Netherlands,2023-04-12T07:48:08+02:00
179.61.240.43,"New Zealand",2023-04-12T07:46:09+02:00
179.61.240.59,"New Zealand",2023-04-12T07:46:09+02:00
179.61.240.118,"New Zealand",2023-04-12T07:46:09+02:00
37.46.115.23,Serbia,2023-04-12T07:47:10+02:00
173.244.49.61,Taiwan,2023-04-12T07:49:10+02:00
173.244.49.89,Taiwan,2023-04-12T07:49:10+02:00
191.96.67.234,"US Houston",2023-04-12T07:48:11+02:00
191.96.67.177,"US Houston",2023-04-12T07:48:11+02:00
191.96.67.103,"US Houston",2023-04-12T07:48:11+02:00
191.96.255.170,"US Silicon Valley",2023-04-12T07:47:12+02:00
191.96.255.103,"US Silicon Valley",2023-04-12T07:47:12+02:00
191.96.255.186,"US Silicon Valley",2023-04-12T07:47:12+02:00
95.181.235.15,"Saudi Arabia",2023-04-12T07:59:08+02:00
95.181.235.150,"Saudi Arabia",2023-04-12T08:39:10+02:00
95.181.235.12,"Saudi Arabia",2023-04-12T07:59:08+02:00
188.241.82.32,Andorra,2023-04-12T07:59:02+02:00
188.241.82.35,Andorra,2023-04-12T08:39:04+02:00
188.241.82.16,Andorra,2023-04-12T07:59:02+02:00
146.70.38.33,Argentina,2023-04-12T07:59:02+02:00
146.70.38.79,Argentina,2023-04-12T08:17:04+02:00
179.61.228.61,"AU Perth",2023-04-12T07:56:03+02:00
179.61.228.74,"AU Perth",2023-04-12T07:56:03+02:00
179.61.228.54,"AU Perth",2023-04-12T07:56:03+02:00
95.181.238.3,Bahamas,2023-04-12T07:56:04+02:00
95.181.238.92,Bahamas,2023-04-12T07:56:04+02:00
138.199.18.70,"DE Frankfurt",2023-04-12T07:57:05+02:00
195.181.170.233,"DE Frankfurt",2023-04-12T07:57:05+02:00
195.181.170.236,"DE Frankfurt",2023-04-12T07:57:05+02:00
217.138.192.219,Hungary,2023-04-12T07:58:06+02:00
217.138.192.220,Hungary,2023-04-12T08:17:07+02:00
166.0.218.135,India,2023-04-12T07:58:06+02:00
166.0.218.159,India,2023-04-12T08:17:07+02:00
91.90.124.9,"Isle Of Man",2023-04-12T08:28:06+02:00
91.90.124.23,"Isle Of Man",2023-04-12T07:56:07+02:00
91.90.124.30,"Isle Of Man",2023-04-12T08:27:06+02:00
192.142.227.22,Mongolia,2023-04-12T08:28:07+02:00
176.125.229.13,Montenegro,2023-04-12T07:58:07+02:00
176.125.229.28,Montenegro,2023-04-12T07:58:07+02:00
179.61.240.185,"New Zealand",2023-04-12T07:59:07+02:00
179.61.240.180,"New Zealand",2023-04-12T07:59:07+02:00
179.61.240.123,"New Zealand",2023-04-12T07:59:07+02:00
91.90.126.40,Panama,2023-04-12T07:59:08+02:00
91.90.126.47,Panama,2023-04-12T07:59:08+02:00
91.90.126.60,Panama,2023-04-12T07:59:08+02:00
188.214.125.141,Philippines,2023-04-12T08:28:08+02:00
188.214.125.133,Philippines,2023-04-12T07:59:08+02:00
138.199.59.210,Poland,2023-04-12T07:59:08+02:00
138.199.59.220,Poland,2023-04-12T07:59:08+02:00
95.181.234.10,Qatar,2023-04-12T07:55:10+02:00
95.181.234.21,Qatar,2023-04-12T07:56:10+02:00
95.181.234.28,Qatar,2023-04-12T07:56:10+02:00
154.47.30.43,"South Africa",2023-04-12T07:57:09+02:00
154.47.30.81,"South Africa",2023-04-12T07:57:09+02:00
154.47.30.85,"South Africa",2023-04-12T07:57:09+02:00
212.102.49.69,Spain,2023-04-12T08:29:08+02:00
212.102.49.197,Spain,2023-04-12T07:59:09+02:00
95.181.239.6,"Sri Lanka",2023-04-12T07:58:09+02:00
95.181.239.7,"Sri Lanka",2023-04-12T08:39:11+02:00
156.146.62.196,Switzerland,2023-04-12T07:57:09+02:00
156.146.62.199,Switzerland,2023-04-12T07:57:09+02:00
212.102.36.14,Switzerland,2023-04-12T07:57:09+02:00
45.133.172.19,"UK Manchester",2023-04-12T07:56:11+02:00
193.239.84.71,"UK Manchester",2023-04-12T07:56:11+02:00
193.239.84.74,"UK Manchester",2023-04-12T07:56:11+02:00
98.159.234.44,"UK Southampton",2023-04-12T07:57:10+02:00
102.129.153.184,"US Florida",2023-04-12T07:56:11+02:00
143.244.34.141,"US Florida",2023-04-12T07:56:11+02:00
102.129.153.140,"US Florida",2023-04-12T07:56:11+02:00
154.16.105.179,"US Las Vegas",2023-04-12T07:56:11+02:00
154.16.105.172,"US Las Vegas",2023-04-12T07:56:11+02:00
191.101.61.58,"US Las Vegas",2023-04-12T07:56:11+02:00
107.181.184.252,"US West",2023-04-12T07:58:11+02:00
184.170.252.202,"US West",2023-04-12T07:58:11+02:00
172.98.87.251,"US West",2023-04-12T07:58:11+02:00
176.125.228.11,Algeria,2023-04-12T07:56:02+02:00
176.125.228.22,Algeria,2023-04-12T08:29:02+02:00
176.125.228.37,Algeria,2023-04-12T07:56:02+02:00
95.181.238.12,Bahamas,2023-04-12T07:56:04+02:00
181.214.218.37,Belgium,2023-04-12T07:57:04+02:00
181.214.218.35,Belgium,2023-04-12T07:57:04+02:00
181.214.218.70,Belgium,2023-04-12T07:57:04+02:00
140.228.24.153,"CA Montreal",2023-04-12T07:58:04+02:00
140.228.24.180,"CA Montreal",2023-04-12T07:58:04+02:00
172.98.71.160,"CA Montreal",2023-04-12T07:58:04+02:00
188.215.235.109,Cambodia,2023-04-12T07:56:05+02:00
188.215.235.115,Cambodia,2023-04-12T07:56:05+02:00
188.241.80.48,China,2023-04-12T08:38:04+02:00
188.241.80.34,China,2023-04-12T07:57:05+02:00
188.241.80.50,China,2023-04-12T08:39:06+02:00
191.101.157.75,"DE Berlin",2023-04-12T07:57:05+02:00
191.101.157.76,"DE Berlin",2023-04-12T07:57:05+02:00
191.101.157.160,"DE Berlin",2023-04-12T07:57:05+02:00
156.146.63.158,France,2023-04-12T07:56:06+02:00
191.101.31.56,France,2023-04-12T08:18:07+02:00
191.101.31.69,France,2023-04-12T07:56:06+02:00
154.47.20.2,Japan,2023-04-12T07:59:06+02:00
154.47.20.112,Japan,2023-04-12T07:59:06+02:00
154.47.20.173,Japan,2023-04-12T07:59:06+02:00
196.196.53.109,Latvia,2023-04-12T07:58:06+02:00
196.196.53.110,Latvia,2023-04-12T07:58:06+02:00
196.196.53.134,Latvia,2023-04-12T07:58:06+02:00
194.32.122.40,Lithuania,2023-04-12T07:57:07+02:00
194.32.122.88,Lithuania,2023-04-12T07:57:07+02:00
194.32.122.89,Lithuania,2023-04-12T08:17:08+02:00
84.252.92.7,Macao,2023-04-12T07:57:07+02:00
84.252.92.17,Macao,2023-04-12T07:57:07+02:00
84.252.92.20,Macao,2023-04-12T08:29:06+02:00
185.225.31.22,Macedonia,2023-04-12T07:57:07+02:00
95.181.233.18,Monaco,2023-04-12T08:38:06+02:00
95.181.233.12,Monaco,2023-04-12T08:27:07+02:00
143.244.52.23,Romania,2023-04-12T07:59:08+02:00
143.244.54.137,Romania,2023-04-12T07:59:08+02:00
37.46.115.17,Serbia,2023-04-12T07:56:10+02:00
37.46.115.29,Serbia,2023-04-12T08:16:13+02:00
188.213.34.104,Turkey,2023-04-12T07:58:09+02:00
188.213.34.72,Turkey,2023-04-12T08:38:08+02:00
188.213.34.69,Turkey,2023-04-12T08:17:11+02:00
191.101.209.3,"UK London",2023-04-12T07:58:09+02:00
194.110.13.8,"UK London",2023-04-12T07:58:09+02:00
194.110.13.71,"UK London",2023-04-12T07:58:09+02:00
98.159.234.62,"UK Southampton",2023-04-12T07:57:10+02:00
98.159.234.95,"UK Southampton",2023-04-12T07:57:10+02:00
181.214.167.202,"US Atlanta",2023-04-12T07:58:10+02:00
181.214.167.158,"US Atlanta",2023-04-12T07:58:10+02:00
181.214.167.84,"US Atlanta",2023-04-12T07:58:10+02:00
181.214.165.114,"US Chicago",2023-04-12T07:58:10+02:00
181.214.164.208,"US Chicago",2023-04-12T07:58:10+02:00
181.214.165.115,"US Chicago",2023-04-12T07:58:10+02:00
191.96.185.177,"US East",2023-04-12T07:56:11+02:00
102.165.16.209,"US East",2023-04-12T07:56:11+02:00
102.165.16.47,"US East",2023-04-12T07:56:11+02:00
191.96.37.164,"US Seattle",2023-04-12T07:57:11+02:00
191.96.37.210,"US Seattle",2023-04-12T07:57:11+02:00
212.102.46.202,"US Seattle",2023-04-12T07:57:11+02:00
102.129.232.90,"US Silicon Valley",2023-04-12T07:57:11+02:00
191.96.255.29,"US Silicon Valley",2023-04-12T07:57:11+02:00
102.129.252.240,"US Silicon Valley",2023-04-12T07:57:11+02:00
181.214.94.91,"US Washington Dc",2023-04-12T07:59:11+02:00
102.129.235.183,"US Washington Dc",2023-04-12T07:59:11+02:00
102.129.235.86,"US Washington Dc",2023-04-12T07:59:11+02:00
95.181.237.42,Venezuela,2023-04-12T07:56:12+02:00
95.181.237.23,Venezuela,2023-04-12T07:56:12+02:00
31.171.154.119,Albania,2023-04-12T07:57:03+02:00
31.171.154.141,Albania,2023-04-12T07:57:03+02:00
31.171.154.123,Albania,2023-04-12T07:57:03+02:00
185.253.160.10,Armenia,2023-04-12T07:58:03+02:00
185.253.160.11,Armenia,2023-04-12T08:38:02+02:00
154.6.147.105,"AU Melbourne",2023-04-12T07:56:02+02:00
154.6.151.163,"AU Melbourne",2023-04-12T07:56:02+02:00
154.6.151.186,"AU Melbourne",2023-04-12T08:38:02+02:00
154.16.81.122,"AU Sydney",2023-04-12T07:56:04+02:00
191.101.210.99,"AU Sydney",2023-04-12T07:56:04+02:00
191.101.210.222,"AU Sydney",2023-04-12T07:56:04+02:00
94.156.14.15,Bulgaria,2023-04-12T07:56:05+02:00
94.156.14.25,Bulgaria,2023-04-12T07:56:05+02:00
94.156.14.26,Bulgaria,2023-04-12T07:56:05+02:00
172.83.47.166,"CA Ontario",2023-04-12T07:58:04+02:00
172.98.92.47,"CA Ontario",2023-04-12T07:58:04+02:00
198.8.95.224,"CA Ontario",2023-04-12T07:58:04+02:00
191.96.36.86,"CA Toronto",2023-04-12T07:57:05+02:00
179.61.197.81,"CA Toronto",2023-04-12T07:57:05+02:00
179.61.197.87,"CA Toronto",2023-04-12T07:57:05+02:00
181.41.202.139,"CA Vancouver",2023-04-12T07:56:05+02:00
181.41.202.140,"CA Vancouver",2023-04-12T07:56:05+02:00
181.214.153.140,"CA Vancouver",2023-04-12T07:56:05+02:00
212.102.38.213,"Czech Republic",2023-04-12T07:59:04+02:00
212.102.39.75,"Czech Republic",2023-04-12T07:59:04+02:00
212.102.39.95,"Czech Republic",2023-04-12T07:59:04+02:00
188.126.94.77,Denmark,2023-04-12T07:57:05+02:00
188.126.94.85,Denmark,2023-04-12T07:57:05+02:00
46.246.106.45,Denmark,2023-04-12T07:57:05+02:00
188.214.122.101,Egypt,2023-04-12T07:57:05+02:00
188.214.122.108,Egypt,2023-04-12T07:57:05+02:00
188.214.122.121,Egypt,2023-04-12T08:39:07+02:00
165.231.182.12,Estonia,2023-04-12T07:58:05+02:00
188.126.89.46,Finland,2023-04-12T07:57:06+02:00
188.126.89.56,Finland,2023-04-12T07:57:06+02:00
188.126.89.138,Finland,2023-04-12T08:18:07+02:00
195.146.6.60,Greece,2023-04-12T07:57:06+02:00
195.146.4.73,Greece,2023-04-12T07:57:06+02:00
91.90.120.164,Greenland,2023-04-12T07:57:06+02:00
91.90.120.171,Greenland,2023-04-12T07:57:06+02:00
86.107.104.236,"Hong Kong",2023-04-12T08:17:07+02:00
86.107.104.228,"Hong Kong",2023-04-12T08:26:06+02:00
86.107.104.246,"Hong Kong",2023-04-12T07:56:07+02:00
45.133.193.40,Iceland,2023-04-12T07:57:06+02:00
45.133.193.46,Iceland,2023-04-12T07:57:06+02:00
45.133.193.90,Iceland,2023-04-12T07:57:06+02:00
188.241.178.6,Ireland,2023-04-12T07:57:06+02:00
169.150.227.180,Israel,2023-04-12T07:56:07+02:00
169.150.248.223,Israel,2023-04-12T07:56:07+02:00
169.150.248.236,Israel,2023-04-12T07:56:07+02:00
156.146.41.25,Italy,2023-04-12T07:56:07+02:00
156.146.41.210,Italy,2023-04-12T07:56:07+02:00
156.146.41.217,Italy,2023-04-12T07:56:07+02:00
62.133.47.7,Kazakhstan,2023-04-12T08:36:09+02:00
62.133.47.23,Kazakhstan,2023-04-12T07:56:08+02:00
37.46.113.160,Luxembourg,2023-04-12T08:39:09+02:00
37.46.113.204,Luxembourg,2023-04-12T07:59:07+02:00
37.46.113.220,Luxembourg,2023-04-12T07:59:07+02:00
181.214.206.197,Netherlands,2023-04-12T07:56:09+02:00
181.214.206.242,Netherlands,2023-04-12T07:56:09+02:00
195.78.54.224,Netherlands,2023-04-12T07:56:09+02:00
46.246.122.176,Norway,2023-04-12T07:58:08+02:00
46.246.122.88,Norway,2023-04-12T07:58:08+02:00
138.199.24.30,Singapore,2023-04-12T07:57:09+02:00
173.244.49.88,Taiwan,2023-04-12T07:57:10+02:00
84.239.42.23,Ukraine,2023-04-12T07:57:10+02:00
84.239.42.28,Ukraine,2023-04-12T07:57:10+02:00
154.6.130.132,Ukraine,2023-04-12T08:39:11+02:00
102.129.145.153,"US California",2023-04-12T07:57:10+02:00
143.244.49.29,"US California",2023-04-12T07:57:10+02:00
143.244.49.7,"US California",2023-04-12T07:57:10+02:00
181.41.206.94,"US Denver",2023-04-12T07:58:10+02:00
181.41.206.59,"US Denver",2023-04-12T07:58:10+02:00
181.41.206.105,"US Denver",2023-04-12T07:58:10+02:00
191.96.67.175,"US Houston",2023-04-12T07:58:10+02:00
191.96.67.187,"US Houston",2023-04-12T07:58:10+02:00
191.96.67.246,"US Houston",2023-04-12T08:27:10+02:00
37.19.198.80,"US New York",2023-04-12T07:58:10+02:00
191.96.150.146,"US New York",2023-04-12T07:58:10+02:00
149.18.84.63,Vietnam,2023-04-12T07:57:12+02:00
149.18.84.44,Vietnam,2023-04-12T08:28:11+02:00
156.146.60.134,Austria,2023-04-12T07:58:04+02:00
156.146.60.66,Austria,2023-04-12T07:58:04+02:00
156.146.60.86,Austria,2023-04-12T07:58:04+02:00
84.252.93.9,Bangladesh,2023-04-12T08:39:05+02:00
146.70.98.19,Brazil,2023-04-12T07:59:03+02:00
188.241.177.181,Brazil,2023-04-12T07:59:03+02:00
188.241.177.108,Brazil,2023-04-12T07:59:03+02:00
185.253.162.3,Cyprus,2023-04-12T07:56:06+02:00
185.253.162.12,Cyprus,2023-04-12T07:56:06+02:00
185.253.162.24,Cyprus,2023-04-12T09:19:17+02:00
95.181.236.11,Georgia,2023-04-12T07:56:06+02:00
95.181.236.9,Georgia,2023-04-12T07:56:06+02:00
146.70.130.19,Ireland,2023-04-12T07:57:06+02:00
149.34.242.151,Ireland,2023-04-12T07:57:06+02:00
91.90.122.11,Liechtenstein,2023-04-12T07:58:07+02:00
91.90.122.22,Liechtenstein,2023-04-12T07:58:06+02:00
91.90.122.3,Liechtenstein,2023-04-12T07:58:06+02:00
176.125.230.12,Malta,2023-04-12T07:57:07+02:00
176.125.230.14,Malta,2023-04-12T08:36:10+02:00
176.125.230.24,Malta,2023-04-12T07:57:07+02:00
77.81.142.253,Mexico,2023-04-12T07:58:07+02:00
77.81.142.29,Mexico,2023-04-12T07:58:07+02:00
178.175.128.41,Moldova,2023-04-12T08:37:07+02:00
178.175.129.37,Moldova,2023-04-12T08:18:09+02:00
178.175.129.38,Moldova,2023-04-12T07:58:07+02:00
95.181.232.7,Morocco,2023-04-12T07:57:08+02:00
95.181.232.30,Morocco,2023-04-12T07:57:08+02:00
95.181.232.37,Morocco,2023-04-12T08:29:07+02:00
146.70.65.149,Nigeria,2023-04-12T07:59:08+02:00
146.70.65.140,Nigeria,2023-04-12T07:59:08+02:00
146.70.65.151,Nigeria,2023-04-12T07:59:08+02:00
146.70.59.22,Portugal,2023-04-12T07:58:08+02:00
146.70.59.31,Portugal,2023-04-12T07:58:08+02:00
37.120.221.94,Slovakia,2023-04-12T07:58:09+02:00
37.120.221.213,Slovakia,2023-04-12T08:39:11+02:00
37.120.221.217,Slovakia,2023-04-12T08:27:09+02:00
46.246.41.172,Sweden,2023-04-12T07:58:09+02:00
195.246.120.50,Sweden,2023-04-12T07:58:09+02:00
195.246.120.71,Sweden,2023-04-12T07:58:09+02:00
173.244.49.64,Taiwan,2023-04-12T07:57:10+02:00
173.244.49.71,Taiwan,2023-04-12T07:57:10+02:00
217.138.193.154,"United Arab Emirates",2023-04-12T08:37:09+02:00
217.138.193.167,"United Arab Emirates",2023-04-12T07:56:11+02:00
217.138.193.172,"United Arab Emirates",2023-04-12T08:39:11+02:00
102.129.234.6,"US Texas",2023-04-12T07:58:10+02:00
181.215.182.16,"US Texas",2023-04-12T07:58:10+02:00
181.215.182.23,"US Texas",2023-04-12T07:58:10+02:00
95.181.236.3,Georgia,2023-04-12T08:09:09+02:00
95.181.236.19,Georgia,2023-04-12T08:36:08+02:00
86.107.104.230,"Hong Kong",2023-04-12T08:08:06+02:00
86.107.104.233,"Hong Kong",2023-04-12T08:36:09+02:00
95.181.234.13,Qatar,2023-04-12T08:07:09+02:00
95.181.234.4,Qatar,2023-04-12T08:07:09+02:00
31.171.154.71,Albania,2023-04-12T08:28:02+02:00
31.171.154.117,Albania,2023-04-12T08:06:03+02:00
176.125.228.7,Algeria,2023-04-12T08:08:04+02:00
176.125.228.8,Algeria,2023-04-12T08:08:04+02:00
176.125.228.29,Algeria,2023-04-12T08:08:04+02:00
154.6.147.214,"AU Melbourne",2023-04-12T08:07:04+02:00
154.6.151.161,"AU Melbourne",2023-04-12T08:07:04+02:00
154.6.151.176,"AU Melbourne",2023-04-12T08:07:04+02:00
179.61.228.153,"AU Perth",2023-04-12T08:09:04+02:00
179.61.228.96,"AU Perth",2023-04-12T08:09:04+02:00
179.61.228.76,"AU Perth",2023-04-12T08:09:04+02:00
154.16.81.121,"AU Sydney",2023-04-12T08:09:05+02:00
154.16.81.212,"AU Sydney",2023-04-12T08:09:05+02:00
191.101.210.226,"AU Sydney",2023-04-12T08:09:05+02:00
95.181.238.29,Bahamas,2023-04-12T08:06:05+02:00
95.181.238.31,Bahamas,2023-04-12T08:06:05+02:00
95.181.238.101,Bahamas,2023-04-12T08:06:05+02:00
94.156.14.22,Bulgaria,2023-04-12T08:08:05+02:00
181.214.153.145,"CA Vancouver",2023-04-12T08:07:05+02:00
181.214.153.146,"CA Vancouver",2023-04-12T08:07:05+02:00
181.214.153.234,"CA Vancouver",2023-04-12T08:07:05+02:00
188.215.235.105,Cambodia,2023-04-12T08:06:05+02:00
188.215.235.125,Cambodia,2023-04-12T08:39:06+02:00
185.253.162.9,Cyprus,2023-04-12T08:09:08+02:00
185.253.162.23,Cyprus,2023-04-12T08:09:08+02:00
188.126.89.47,Finland,2023-04-12T08:08:06+02:00
188.126.89.80,Finland,2023-04-12T08:08:06+02:00
191.101.31.20,France,2023-04-12T08:09:09+02:00
156.146.63.147,France,2023-04-12T08:09:09+02:00
191.101.31.60,France,2023-04-12T08:09:09+02:00
95.181.236.17,Georgia,2023-04-12T08:29:05+02:00
91.90.124.4,"Isle Of Man",2023-04-12T08:09:10+02:00
91.90.124.7,"Isle Of Man",2023-04-12T08:09:10+02:00
91.90.124.24,"Isle Of Man",2023-04-12T08:09:10+02:00
169.150.227.171,Israel,2023-04-12T08:07:07+02:00
169.150.227.163,Israel,2023-04-12T08:07:07+02:00
169.150.248.214,Israel,2023-04-12T08:07:07+02:00
156.146.41.23,Italy,2023-04-12T08:06:08+02:00
156.146.41.68,Italy,2023-04-12T08:06:08+02:00
62.133.47.5,Kazakhstan,2023-04-12T08:05:12+02:00
62.133.47.16,Kazakhstan,2023-04-12T08:05:12+02:00
181.214.206.107,Netherlands,2023-04-12T08:09:12+02:00
181.214.206.112,Netherlands,2023-04-12T08:09:12+02:00
212.102.35.159,Netherlands,2023-04-12T08:09:12+02:00
37.46.115.28,Serbia,2023-04-12T08:08:09+02:00
37.46.115.20,Serbia,2023-04-12T08:38:08+02:00
45.133.172.3,"UK Manchester",2023-04-12T08:08:10+02:00
45.133.172.214,"UK Manchester",2023-04-12T08:08:10+02:00
146.70.102.5,"United Arab Emirates",2023-04-12T08:08:10+02:00
217.138.193.153,"United Arab Emirates",2023-04-12T08:29:10+02:00
102.165.16.121,"US East",2023-04-12T08:08:11+02:00
191.96.185.175,"US East",2023-04-12T08:08:11+02:00
191.96.185.188,"US East",2023-04-12T08:08:11+02:00
143.244.34.199,"US Florida",2023-04-12T08:05:16+02:00
102.129.152.67,"US Florida",2023-04-12T08:05:16+02:00
102.129.153.152,"US Florida",2023-04-12T08:06:11+02:00
154.16.105.42,"US Las Vegas",2023-04-12T08:08:11+02:00
154.16.105.175,"US Las Vegas",2023-04-12T08:08:11+02:00
95.181.237.22,Venezuela,2023-04-12T08:08:12+02:00
95.181.237.24,Venezuela,2023-04-12T08:08:12+02:00
95.181.237.44,Venezuela,2023-04-12T08:08:12+02:00
181.214.218.41,Belgium,2023-04-12T08:26:05+02:00
181.214.218.49,Belgium,2023-04-12T08:06:05+02:00
181.214.218.60,Belgium,2023-04-12T08:06:05+02:00
140.228.24.79,"CA Montreal",2023-04-12T08:07:05+02:00
140.228.24.81,"CA Montreal",2023-04-12T08:07:05+02:00
172.98.71.225,"CA Montreal",2023-04-12T08:07:05+02:00
172.98.92.67,"CA Ontario",2023-04-12T08:07:05+02:00
179.61.197.8,"CA Toronto",2023-04-12T08:07:05+02:00
179.61.197.13,"CA Toronto",2023-04-12T08:07:05+02:00
191.96.36.196,"CA Toronto",2023-04-12T08:07:05+02:00
188.241.80.66,China,2023-04-12T08:08:05+02:00
188.241.80.55,China,2023-04-12T08:08:05+02:00
191.101.157.125,"DE Berlin",2023-04-12T08:29:04+02:00
191.101.157.129,"DE Berlin",2023-04-12T08:06:06+02:00
191.101.157.166,"DE Berlin",2023-04-12T08:06:06+02:00
212.102.57.20,"DE Frankfurt",2023-04-12T08:09:08+02:00
195.181.170.228,"DE Frankfurt",2023-04-12T08:09:08+02:00
195.181.170.238,"DE Frankfurt",2023-04-12T08:09:08+02:00
188.126.94.73,Denmark,2023-04-12T08:07:06+02:00
188.126.94.169,Denmark,2023-04-12T08:07:06+02:00
188.214.122.116,Egypt,2023-04-12T08:09:08+02:00
195.146.4.80,Greece,2023-04-12T08:06:07+02:00
195.146.4.81,Greece,2023-04-12T08:06:07+02:00
195.146.4.85,Greece,2023-04-12T08:06:07+02:00
91.90.120.146,Greenland,2023-04-12T08:09:09+02:00
91.90.120.161,Greenland,2023-04-12T08:09:09+02:00
91.90.120.133,Greenland,2023-04-12T08:09:09+02:00
185.94.190.200,Hungary,2023-04-12T08:06:07+02:00
86.106.74.117,Hungary,2023-04-12T08:06:07+02:00
45.133.193.89,Iceland,2023-04-12T08:39:07+02:00
149.34.242.144,Ireland,2023-04-12T08:09:10+02:00
188.241.178.3,Ireland,2023-04-12T08:09:10+02:00
193.56.252.219,Ireland,2023-04-12T08:09:10+02:00
194.32.122.66,Lithuania,2023-04-12T08:07:08+02:00
194.32.122.68,Lithuania,2023-04-12T08:07:08+02:00
84.252.92.19,Macao,2023-04-12T08:06:08+02:00
84.252.92.24,Macao,2023-04-12T08:06:08+02:00
185.225.31.27,Macedonia,2023-04-12T08:07:08+02:00
185.225.28.233,Macedonia,2023-04-12T08:28:07+02:00
185.225.31.28,Macedonia,2023-04-12T08:07:08+02:00
176.125.230.20,Malta,2023-04-12T08:09:11+02:00
176.125.230.41,Malta,2023-04-12T08:39:09+02:00
95.181.232.9,Morocco,2023-04-12T08:07:08+02:00
95.181.232.13,Morocco,2023-04-12T08:39:09+02:00
95.181.232.40,Morocco,2023-04-12T08:07:08+02:00
156.146.57.135,Singapore,2023-04-12T08:07:10+02:00
156.146.57.42,Singapore,2023-04-12T08:07:10+02:00
154.47.30.32,"South Africa",2023-04-12T08:06:10+02:00
154.47.30.57,"South Africa",2023-04-12T08:06:10+02:00
154.47.30.73,"South Africa",2023-04-12T08:06:10+02:00
156.146.62.158,Switzerland,2023-04-12T08:08:10+02:00
169.150.197.142,Switzerland,2023-04-12T08:08:10+02:00
156.146.62.208,Switzerland,2023-04-12T08:08:10+02:00
173.244.49.63,Taiwan,2023-04-12T08:29:09+02:00
173.244.49.87,Taiwan,2023-04-12T08:39:11+02:00
98.159.234.82,"UK Southampton",2023-04-12T08:09:15+02:00
98.159.234.133,"UK Southampton",2023-04-12T08:09:15+02:00
98.159.234.145,"UK Southampton",2023-04-12T08:09:15+02:00
84.239.42.8,Ukraine,2023-04-12T08:09:15+02:00
154.6.130.143,Ukraine,2023-04-12T08:09:15+02:00
143.244.48.25,"US California",2023-04-12T08:08:11+02:00
143.244.49.5,"US California",2023-04-12T08:08:11+02:00
191.96.37.158,"US Seattle",2023-04-12T08:07:12+02:00
191.96.103.24,"US Seattle",2023-04-12T08:07:12+02:00
191.96.255.48,"US Silicon Valley",2023-04-12T08:08:11+02:00
191.96.255.20,"US Silicon Valley",2023-04-12T08:08:11+02:00
102.129.252.27,"US Silicon Valley",2023-04-12T08:08:11+02:00
149.18.84.27,Vietnam,2023-04-12T08:06:12+02:00
149.18.84.52,Vietnam,2023-04-12T08:06:12+02:00
185.253.160.14,Armenia,2023-04-12T08:09:04+02:00
156.146.60.21,Austria,2023-04-12T08:08:04+02:00
156.146.60.133,Austria,2023-04-12T08:08:04+02:00
156.146.60.25,Austria,2023-04-12T08:08:04+02:00
172.83.47.192,"CA Ontario",2023-04-12T08:07:05+02:00
172.98.92.59,"CA Ontario",2023-04-12T08:07:05+02:00
165.231.182.125,Estonia,2023-04-12T08:06:06+02:00
165.231.182.46,Estonia,2023-04-12T08:06:06+02:00
165.231.182.126,Estonia,2023-04-12T08:06:06+02:00
217.138.192.218,Hungary,2023-04-12T08:39:07+02:00
166.0.218.134,India,2023-04-12T08:37:05+02:00
166.0.218.141,India,2023-04-12T08:07:07+02:00
166.0.218.158,India,2023-04-12T08:07:07+02:00
196.196.53.62,Latvia,2023-04-12T08:06:08+02:00
196.196.53.51,Latvia,2023-04-12T08:06:08+02:00
196.196.53.10,Latvia,2023-04-12T08:38:06+02:00
91.90.122.14,Liechtenstein,2023-04-12T08:06:08+02:00
91.90.122.21,Liechtenstein,2023-04-12T08:06:08+02:00
77.81.142.22,Mexico,2023-04-12T08:09:11+02:00
77.81.142.37,Mexico,2023-04-12T08:09:11+02:00
77.81.142.79,Mexico,2023-04-12T08:09:11+02:00
178.175.128.38,Moldova,2023-04-12T08:08:08+02:00
178.175.129.39,Moldova,2023-04-12T08:08:08+02:00
176.125.229.9,Montenegro,2023-04-12T08:08:08+02:00
176.125.229.23,Montenegro,2023-04-12T08:07:08+02:00
46.246.122.167,Norway,2023-04-12T08:08:09+02:00
46.246.122.46,Norway,2023-04-12T08:08:09+02:00
46.246.122.119,Norway,2023-04-12T08:08:09+02:00
91.90.126.41,Panama,2023-04-12T08:07:09+02:00
91.90.126.69,Panama,2023-04-12T08:07:09+02:00
91.90.126.74,Panama,2023-04-12T08:06:09+02:00
146.70.59.28,Portugal,2023-04-12T08:08:09+02:00
146.70.59.34,Portugal,2023-04-12T08:08:09+02:00
37.120.221.84,Slovakia,2023-04-12T08:36:12+02:00
37.120.221.85,Slovakia,2023-04-12T08:08:09+02:00
195.246.120.92,Sweden,2023-04-12T08:07:10+02:00
195.246.120.127,Sweden,2023-04-12T08:07:10+02:00
195.246.120.116,Sweden,2023-04-12T08:07:10+02:00
188.213.34.109,Turkey,2023-04-12T08:07:10+02:00
188.213.34.139,Turkey,2023-04-12T08:39:11+02:00
188.213.34.140,Turkey,2023-04-12T08:07:10+02:00
138.199.29.24,"UK London",2023-04-12T08:06:11+02:00
138.199.29.47,"UK London",2023-04-12T08:06:11+02:00
138.199.29.36,"UK London",2023-04-12T08:06:11+02:00
5.182.110.183,"US Atlanta",2023-04-12T08:06:11+02:00
181.214.167.111,"US Atlanta",2023-04-12T08:06:11+02:00
181.214.165.165,"US Chicago",2023-04-12T08:06:11+02:00
181.214.165.185,"US Chicago",2023-04-12T08:06:11+02:00
181.214.166.215,"US Chicago",2023-04-12T08:06:11+02:00
181.41.206.22,"US Denver",2023-04-12T08:06:11+02:00
181.41.206.220,"US Denver",2023-04-12T08:06:11+02:00
181.41.206.228,"US Denver",2023-04-12T08:06:11+02:00
37.19.221.29,"US Houston",2023-04-12T08:08:11+02:00
181.214.227.3,"US Houston",2023-04-12T08:08:11+02:00
181.214.227.20,"US Houston",2023-04-12T08:08:11+02:00
191.96.150.103,"US New York",2023-04-12T08:06:12+02:00
191.96.150.110,"US New York",2023-04-12T08:06:12+02:00
191.96.227.69,"US New York",2023-04-12T08:06:12+02:00
102.129.234.49,"US Texas",2023-04-12T08:09:16+02:00
181.215.182.162,"US Texas",2023-04-12T08:09:16+02:00
107.181.184.169,"US West",2023-04-12T08:07:12+02:00
184.170.241.158,"US West",2023-04-12T08:07:12+02:00
107.181.184.179,"US West",2023-04-12T08:28:11+02:00
188.241.82.9,Andorra,2023-04-12T08:09:03+02:00
188.241.82.40,Andorra,2023-04-12T08:09:03+02:00
146.70.38.112,Argentina,2023-04-12T08:08:04+02:00
146.70.38.30,Argentina,2023-04-12T08:08:04+02:00
146.70.38.27,Argentina,2023-04-12T08:08:04+02:00
84.252.93.6,Bangladesh,2023-04-12T08:07:05+02:00
84.252.93.12,Bangladesh,2023-04-12T08:26:05+02:00
146.70.98.21,Brazil,2023-04-12T08:08:05+02:00
188.241.177.205,Brazil,2023-04-12T08:08:05+02:00
188.241.177.245,Brazil,2023-04-12T08:08:05+02:00
212.102.39.137,"Czech Republic",2023-04-12T08:08:05+02:00
212.102.39.149,"Czech Republic",2023-04-12T08:08:05+02:00
212.102.39.202,"Czech Republic",2023-04-12T08:39:06+02:00
154.47.20.33,Japan,2023-04-12T08:08:07+02:00
154.47.20.52,Japan,2023-04-12T08:08:07+02:00
154.47.20.167,Japan,2023-04-12T08:08:07+02:00
37.46.113.193,Luxembourg,2023-04-12T08:06:08+02:00
37.46.113.175,Luxembourg,2023-04-12T08:06:08+02:00
37.46.113.213,Luxembourg,2023-04-12T08:06:08+02:00
95.181.233.16,Monaco,2023-04-12T08:39:09+02:00
95.181.233.25,Monaco,2023-04-12T08:07:08+02:00
95.181.233.7,Monaco,2023-04-12T08:07:08+02:00
179.61.240.36,"New Zealand",2023-04-12T08:08:08+02:00
179.61.240.137,"New Zealand",2023-04-12T08:08:08+02:00
146.70.65.147,Nigeria,2023-04-12T08:09:13+02:00
146.70.65.134,Nigeria,2023-04-12T08:09:13+02:00
146.70.65.132,Nigeria,2023-04-12T08:09:12+02:00
188.214.125.139,Philippines,2023-04-12T08:08:09+02:00
188.214.125.152,Philippines,2023-04-12T08:08:09+02:00
188.214.125.156,Philippines,2023-04-12T08:08:09+02:00
138.199.59.207,Poland,2023-04-12T08:07:09+02:00
138.199.59.205,Poland,2023-04-12T08:07:09+02:00
138.199.59.199,Poland,2023-04-12T08:29:08+02:00
143.244.52.15,Romania,2023-04-12T08:07:09+02:00
95.181.235.157,"Saudi Arabia",2023-04-12T08:06:10+02:00
95.181.235.149,"Saudi Arabia",2023-04-12T08:06:10+02:00
212.102.49.70,Spain,2023-04-12T08:08:10+02:00
212.102.49.198,Spain,2023-04-12T08:08:10+02:00
181.214.94.13,"US Washington Dc",2023-04-12T08:07:12+02:00
102.129.235.237,"US Washington Dc",2023-04-12T08:07:12+02:00
102.129.235.177,"US Washington Dc",2023-04-12T08:07:12+02:00
62.133.47.11,Kazakhstan,2023-04-12T09:19:19+02:00
102.129.152.47,"US Florida",2023-04-12T08:18:12+02:00
102.129.152.102,"US Florida",2023-04-12T08:18:12+02:00
102.129.153.117,"US Florida",2023-04-12T08:18:12+02:00
31.171.154.121,Albania,2023-04-12T09:19:16+02:00
31.171.154.67,Albania,2023-04-12T09:19:16+02:00
31.171.154.76,Albania,2023-04-12T09:19:16+02:00
95.181.238.28,Bahamas,2023-04-12T08:18:05+02:00
95.181.238.53,Bahamas,2023-04-12T08:18:05+02:00
95.181.238.57,Bahamas,2023-04-12T08:18:05+02:00
84.252.93.14,Bangladesh,2023-04-12T08:39:05+02:00
181.214.218.38,Belgium,2023-04-12T08:18:06+02:00
181.214.218.73,Belgium,2023-04-12T08:39:05+02:00
188.215.235.104,Cambodia,2023-04-12T08:39:06+02:00
188.215.235.121,Cambodia,2023-04-12T08:39:06+02:00
188.215.235.117,Cambodia,2023-04-12T08:16:04+02:00
191.101.157.137,"DE Berlin",2023-04-12T08:17:06+02:00
191.101.157.82,"DE Berlin",2023-04-12T08:17:06+02:00
181.214.173.27,"DE Berlin",2023-04-12T08:17:06+02:00
165.231.182.48,Estonia,2023-04-12T08:16:10+02:00
165.231.182.123,Estonia,2023-04-12T08:16:10+02:00
165.231.182.6,Estonia,2023-04-12T08:16:10+02:00
195.146.6.74,Greece,2023-04-12T08:37:05+02:00
195.146.6.61,Greece,2023-04-12T09:19:18+02:00
86.106.74.118,Hungary,2023-04-12T08:17:07+02:00
45.133.193.83,Iceland,2023-04-12T08:17:07+02:00
45.133.193.43,Iceland,2023-04-12T08:17:07+02:00
156.146.41.12,Italy,2023-04-12T08:18:08+02:00
156.146.41.13,Italy,2023-04-12T08:18:08+02:00
196.196.53.83,Latvia,2023-04-12T08:16:11+02:00
196.196.53.91,Latvia,2023-04-12T08:16:11+02:00
91.90.122.7,Liechtenstein,2023-04-12T09:19:19+02:00
37.46.113.158,Luxembourg,2023-04-12T08:16:12+02:00
37.46.113.218,Luxembourg,2023-04-12T08:16:12+02:00
84.252.92.29,Macao,2023-04-12T08:18:09+02:00
84.252.92.3,Macao,2023-04-12T08:18:09+02:00
84.252.92.9,Macao,2023-04-12T08:39:09+02:00
91.90.126.11,Panama,2023-04-12T08:39:10+02:00
91.90.126.55,Panama,2023-04-12T08:18:10+02:00
91.90.126.56,Panama,2023-04-12T08:18:10+02:00
95.181.235.7,"Saudi Arabia",2023-04-12T08:18:10+02:00
154.47.30.45,"South Africa",2023-04-12T08:18:11+02:00
154.47.30.69,"South Africa",2023-04-12T08:39:11+02:00
154.47.30.86,"South Africa",2023-04-12T08:18:11+02:00
95.181.239.3,"Sri Lanka",2023-04-12T08:39:11+02:00
95.181.239.11,"Sri Lanka",2023-04-12T08:27:09+02:00
173.244.49.56,Taiwan,2023-04-12T08:18:11+02:00
173.244.49.92,Taiwan,2023-04-12T08:18:11+02:00
173.244.49.82,Taiwan,2023-04-12T08:18:11+02:00
191.101.209.15,"UK London",2023-04-12T09:19:22+02:00
138.199.29.1,"UK London",2023-04-12T09:19:22+02:00
194.110.13.32,"UK London",2023-04-12T09:19:22+02:00
5.182.110.46,"US Atlanta",2023-04-12T08:17:11+02:00
181.214.167.85,"US Atlanta",2023-04-12T08:17:11+02:00
181.214.167.108,"US Atlanta",2023-04-12T08:17:11+02:00
181.214.164.246,"US Chicago",2023-04-12T08:17:12+02:00
181.214.165.34,"US Chicago",2023-04-12T08:17:12+02:00
181.214.166.248,"US Chicago",2023-04-12T08:17:12+02:00
181.41.206.32,"US Denver",2023-04-12T08:18:12+02:00
181.41.206.41,"US Denver",2023-04-12T08:18:12+02:00
181.41.206.47,"US Denver",2023-04-12T08:18:12+02:00
191.96.150.33,"US New York",2023-04-12T08:16:15+02:00
191.96.227.54,"US New York",2023-04-12T08:39:12+02:00
191.96.227.159,"US New York",2023-04-12T08:16:15+02:00
149.18.84.58,Vietnam,2023-04-12T08:16:16+02:00
149.18.84.36,Vietnam,2023-04-12T08:16:16+02:00
154.6.147.251,"AU Melbourne",2023-04-12T08:17:04+02:00
181.214.199.138,"AU Melbourne",2023-04-12T08:17:04+02:00
154.6.147.248,"AU Melbourne",2023-04-12T08:17:04+02:00
140.228.24.188,"CA Montreal",2023-04-12T08:18:06+02:00
172.98.71.110,"CA Montreal",2023-04-12T08:18:06+02:00
172.98.71.144,"CA Montreal",2023-04-12T08:18:06+02:00
172.83.47.180,"CA Ontario",2023-04-12T08:18:06+02:00
172.98.92.48,"CA Ontario",2023-04-12T08:18:06+02:00
172.83.47.169,"CA Ontario",2023-04-12T08:18:06+02:00
149.36.49.172,"CA Toronto",2023-04-12T08:17:06+02:00
179.61.197.41,"CA Toronto",2023-04-12T08:17:06+02:00
179.61.197.51,"CA Toronto",2023-04-12T08:17:06+02:00
181.214.153.80,"CA Vancouver",2023-04-12T08:16:04+02:00
172.98.89.64,"CA Vancouver",2023-04-12T08:16:04+02:00
172.98.89.17,"CA Vancouver",2023-04-12T08:16:04+02:00
188.126.94.173,Denmark,2023-04-12T08:18:07+02:00
188.126.94.180,Denmark,2023-04-12T08:18:07+02:00
166.0.218.148,India,2023-04-12T08:17:07+02:00
166.0.218.131,India,2023-04-12T08:17:07+02:00
169.150.248.222,Israel,2023-04-12T09:19:19+02:00
169.150.248.235,Israel,2023-04-12T08:38:05+02:00
154.47.20.79,Japan,2023-04-12T08:16:11+02:00
154.47.20.23,Japan,2023-04-12T08:16:11+02:00
154.47.20.150,Japan,2023-04-12T08:16:11+02:00
194.32.122.33,Lithuania,2023-04-12T08:17:08+02:00
194.32.122.42,Lithuania,2023-04-12T08:17:08+02:00
185.225.31.21,Macedonia,2023-04-12T08:36:10+02:00
95.181.233.17,Monaco,2023-04-12T08:16:12+02:00
192.142.227.14,Mongolia,2023-04-12T08:39:09+02:00
176.125.229.15,Montenegro,2023-04-12T08:17:09+02:00
176.125.229.26,Montenegro,2023-04-12T08:17:09+02:00
176.125.229.18,Montenegro,2023-04-12T08:17:09+02:00
95.181.232.33,Morocco,2023-04-12T08:17:09+02:00
95.181.232.36,Morocco,2023-04-12T08:17:09+02:00
138.199.59.195,Poland,2023-04-12T08:16:13+02:00
138.199.59.214,Poland,2023-04-12T08:16:13+02:00
138.199.59.204,Poland,2023-04-12T08:16:13+02:00
95.181.234.19,Qatar,2023-04-12T08:39:10+02:00
95.181.234.20,Qatar,2023-04-12T08:16:13+02:00
143.244.52.12,Romania,2023-04-12T08:16:13+02:00
143.244.52.13,Romania,2023-04-12T08:16:13+02:00
143.244.54.143,Romania,2023-04-12T08:16:13+02:00
156.146.57.47,Singapore,2023-04-12T08:15:12+02:00
156.146.57.138,Singapore,2023-04-12T08:38:08+02:00
156.146.57.66,Singapore,2023-04-12T08:15:12+02:00
46.246.41.171,Sweden,2023-04-12T08:16:14+02:00
195.246.120.46,Sweden,2023-04-12T08:16:14+02:00
195.246.120.65,Sweden,2023-04-12T08:39:11+02:00
188.213.34.142,Turkey,2023-04-12T08:17:11+02:00
188.213.34.90,Turkey,2023-04-12T08:17:11+02:00
156.146.48.33,"US Seattle",2023-04-12T08:15:14+02:00
191.96.37.17,"US Seattle",2023-04-12T08:15:14+02:00
191.96.103.151,"US Seattle",2023-04-12T08:39:12+02:00
102.129.235.19,"US Washington Dc",2023-04-12T08:18:13+02:00
149.18.24.216,"US Washington Dc",2023-04-12T08:18:13+02:00
102.129.235.6,"US Washington Dc",2023-04-12T08:18:13+02:00
107.181.184.182,"US West",2023-04-12T09:19:23+02:00
184.170.241.98,"US West",2023-04-12T09:19:23+02:00
184.170.241.152,"US West",2023-04-12T09:19:23+02:00
176.125.228.24,Algeria,2023-04-12T08:18:04+02:00
176.125.228.32,Algeria,2023-04-12T08:18:04+02:00
146.70.38.109,Argentina,2023-04-12T08:17:04+02:00
146.70.38.114,Argentina,2023-04-12T08:17:04+02:00
156.146.60.139,Austria,2023-04-12T08:16:03+02:00
156.146.60.68,Austria,2023-04-12T08:16:03+02:00
156.146.60.136,Austria,2023-04-12T08:16:03+02:00
188.241.177.202,Brazil,2023-04-12T08:39:05+02:00
188.241.177.196,Brazil,2023-04-12T09:19:17+02:00
94.156.14.10,Bulgaria,2023-04-12T09:19:17+02:00
94.156.14.17,Bulgaria,2023-04-12T09:19:17+02:00
94.156.14.21,Bulgaria,2023-04-12T09:19:17+02:00
188.241.80.37,China,2023-04-12T08:39:06+02:00
188.241.80.62,China,2023-04-12T08:17:06+02:00
188.241.80.68,China,2023-04-12T08:17:06+02:00
185.253.162.11,Cyprus,2023-04-12T08:39:06+02:00
212.102.39.138,"Czech Republic",2023-04-12T09:19:18+02:00
212.102.39.212,"Czech Republic",2023-04-12T09:19:18+02:00
212.102.39.216,"Czech Republic",2023-04-12T09:19:18+02:00
188.126.89.76,Finland,2023-04-12T08:18:07+02:00
188.126.89.147,Finland,2023-04-12T08:18:07+02:00
86.107.104.249,"Hong Kong",2023-04-12T08:36:09+02:00
86.107.104.227,"Hong Kong",2023-04-12T08:36:09+02:00
176.125.230.27,Malta,2023-04-12T08:17:09+02:00
178.175.128.44,Moldova,2023-04-12T08:18:09+02:00
178.175.129.36,Moldova,2023-04-12T08:18:09+02:00
179.61.240.115,"New Zealand",2023-04-12T08:17:09+02:00
179.61.240.184,"New Zealand",2023-04-12T08:17:09+02:00
179.61.240.77,"New Zealand",2023-04-12T08:16:13+02:00
146.70.65.135,Nigeria,2023-04-12T08:39:10+02:00
46.246.122.48,Norway,2023-04-12T08:17:10+02:00
46.246.122.94,Norway,2023-04-12T08:17:10+02:00
46.246.122.108,Norway,2023-04-12T08:17:10+02:00
188.214.125.142,Philippines,2023-04-12T09:19:21+02:00
188.214.125.153,Philippines,2023-04-12T09:19:21+02:00
146.70.59.47,Portugal,2023-04-12T08:38:07+02:00
146.70.59.13,Portugal,2023-04-12T08:18:10+02:00
37.46.115.30,Serbia,2023-04-12T08:16:13+02:00
37.46.115.27,Serbia,2023-04-12T08:39:10+02:00
37.120.221.87,Slovakia,2023-04-12T08:17:10+02:00
37.120.221.216,Slovakia,2023-04-12T08:17:10+02:00
37.120.221.89,Slovakia,2023-04-12T08:39:11+02:00
212.102.49.23,Spain,2023-04-12T08:17:10+02:00
212.102.49.201,Spain,2023-04-12T08:17:10+02:00
212.102.49.24,Spain,2023-04-12T08:17:10+02:00
156.146.62.138,Switzerland,2023-04-12T08:16:14+02:00
169.150.197.144,Switzerland,2023-04-12T08:16:14+02:00
212.102.36.6,Switzerland,2023-04-12T08:39:11+02:00
45.133.172.195,"UK Manchester",2023-04-12T08:17:11+02:00
45.133.172.249,"UK Manchester",2023-04-12T08:17:11+02:00
193.239.84.37,"UK Manchester",2023-04-12T08:17:11+02:00
217.138.193.150,"United Arab Emirates",2023-04-12T08:18:11+02:00
217.138.193.170,"United Arab Emirates",2023-04-12T08:18:11+02:00
102.129.145.228,"US California",2023-04-12T08:18:12+02:00
102.129.145.107,"US California",2023-04-12T08:18:12+02:00
191.96.106.209,"US California",2023-04-12T08:18:12+02:00
102.165.16.77,"US East",2023-04-12T08:18:12+02:00
102.165.16.144,"US East",2023-04-12T08:18:12+02:00
102.165.16.207,"US East",2023-04-12T08:18:12+02:00
37.19.221.36,"US Houston",2023-04-12T08:16:15+02:00
191.96.67.114,"US Houston",2023-04-12T08:16:15+02:00
191.96.67.240,"US Houston",2023-04-12T08:16:15+02:00
154.16.105.80,"US Las Vegas",2023-04-12T08:16:15+02:00
154.16.105.60,"US Las Vegas",2023-04-12T08:16:15+02:00
191.101.61.138,"US Las Vegas",2023-04-12T08:16:15+02:00
66.115.165.171,"US Silicon Valley",2023-04-12T08:18:12+02:00
191.96.255.28,"US Silicon Valley",2023-04-12T08:18:12+02:00
191.96.255.102,"US Silicon Valley",2023-04-12T08:18:12+02:00
95.181.237.33,Venezuela,2023-04-12T08:17:13+02:00
188.241.82.19,Andorra,2023-04-12T08:17:04+02:00
185.253.160.3,Armenia,2023-04-12T08:39:05+02:00
185.253.160.5,Armenia,2023-04-12T08:38:02+02:00
185.253.160.8,Armenia,2023-04-12T08:16:03+02:00
179.61.228.105,"AU Perth",2023-04-12T08:18:05+02:00
179.61.228.120,"AU Perth",2023-04-12T08:18:05+02:00
179.61.228.159,"AU Perth",2023-04-12T08:18:05+02:00
191.101.210.109,"AU Sydney",2023-04-12T09:19:16+02:00
117.120.9.37,"AU Sydney",2023-04-12T08:18:05+02:00
191.101.210.154,"AU Sydney",2023-04-12T08:37:03+02:00
212.102.57.167,"DE Frankfurt",2023-04-12T08:16:05+02:00
212.102.57.142,"DE Frankfurt",2023-04-12T08:16:05+02:00
45.88.97.208,"DE Frankfurt",2023-04-12T08:16:05+02:00
156.146.63.153,France,2023-04-12T08:18:07+02:00
156.146.63.160,France,2023-04-12T08:18:07+02:00
95.181.236.12,Georgia,2023-04-12T08:15:07+02:00
95.181.236.20,Georgia,2023-04-12T08:15:07+02:00
95.181.236.13,Georgia,2023-04-12T08:15:07+02:00
91.90.120.142,Greenland,2023-04-12T08:16:11+02:00
91.90.120.159,Greenland,2023-04-12T08:38:05+02:00
91.90.120.152,Greenland,2023-04-12T08:16:10+02:00
149.34.242.142,Ireland,2023-04-12T08:18:08+02:00
149.34.242.147,Ireland,2023-04-12T08:36:09+02:00
193.56.252.8,Ireland,2023-04-12T08:18:08+02:00
91.90.124.6,"Isle Of Man",2023-04-12T09:19:19+02:00
91.90.124.21,"Isle Of Man",2023-04-12T09:19:19+02:00
77.81.142.48,Mexico,2023-04-12T08:16:12+02:00
77.81.142.126,Mexico,2023-04-12T08:16:12+02:00
77.81.142.78,Mexico,2023-04-12T08:16:12+02:00
181.214.206.71,Netherlands,2023-04-12T08:18:09+02:00
181.214.206.148,Netherlands,2023-04-12T08:18:09+02:00
181.214.206.147,Netherlands,2023-04-12T08:18:09+02:00
146.70.65.148,Nigeria,2023-04-12T08:15:10+02:00
146.70.65.138,Nigeria,2023-04-12T08:15:10+02:00
98.159.234.16,"UK Southampton",2023-04-12T08:17:11+02:00
98.159.234.22,"UK Southampton",2023-04-12T08:17:11+02:00
98.159.234.50,"UK Southampton",2023-04-12T08:17:11+02:00
84.239.42.7,Ukraine,2023-04-12T08:18:11+02:00
154.6.130.147,Ukraine,2023-04-12T08:18:11+02:00
154.6.130.148,Ukraine,2023-04-12T08:18:11+02:00
102.129.234.18,"US Texas",2023-04-12T08:16:16+02:00
102.129.234.179,"US Texas",2023-04-12T08:16:16+02:00
156.146.39.55,"US Texas",2023-04-12T08:16:16+02:00
95.181.236.7,Georgia,2023-04-12T08:29:05+02:00
146.70.65.153,Nigeria,2023-04-12T08:28:08+02:00
146.70.65.154,Nigeria,2023-04-12T08:28:08+02:00
156.146.57.68,Singapore,2023-04-12T08:27:09+02:00
156.146.57.119,Singapore,2023-04-12T08:27:09+02:00
156.146.57.110,Singapore,2023-04-12T08:27:09+02:00
156.146.48.9,"US Seattle",2023-04-12T08:29:11+02:00
191.96.37.10,"US Seattle",2023-04-12T08:29:11+02:00
191.96.37.144,"US Seattle",2023-04-12T08:29:11+02:00
185.253.160.6,Armenia,2023-04-12T08:26:04+02:00
156.146.60.130,Austria,2023-04-12T08:27:04+02:00
84.252.93.4,Bangladesh,2023-04-12T08:26:05+02:00
181.41.202.47,"CA Vancouver",2023-04-12T08:27:05+02:00
181.41.202.58,"CA Vancouver",2023-04-12T08:27:05+02:00
208.78.42.163,"CA Vancouver",2023-04-12T08:27:05+02:00
188.215.235.120,Cambodia,2023-04-12T08:28:04+02:00
212.102.57.67,"DE Frankfurt",2023-04-12T08:28:05+02:00
212.102.57.84,"DE Frankfurt",2023-04-12T08:28:05+02:00
216.24.216.240,"DE Frankfurt",2023-04-12T08:28:05+02:00
165.231.182.7,Estonia,2023-04-12T08:39:07+02:00
165.231.182.118,Estonia,2023-04-12T08:29:05+02:00
165.231.182.49,Estonia,2023-04-12T08:29:05+02:00
91.90.120.141,Greenland,2023-04-12T08:29:05+02:00
91.90.120.143,Greenland,2023-04-12T08:29:05+02:00
91.90.120.195,Greenland,2023-04-12T08:29:05+02:00
154.47.20.97,Japan,2023-04-12T08:26:07+02:00
154.47.20.55,Japan,2023-04-12T08:26:07+02:00
196.196.53.86,Latvia,2023-04-12T08:26:07+02:00
196.196.53.93,Latvia,2023-04-12T08:26:07+02:00
37.46.113.206,Luxembourg,2023-04-12T08:28:07+02:00
77.81.142.4,Mexico,2023-04-12T08:27:07+02:00
77.81.142.86,Mexico,2023-04-12T08:27:07+02:00
77.81.142.122,Mexico,2023-04-12T08:27:07+02:00
95.181.233.13,Monaco,2023-04-12T08:27:07+02:00
95.181.233.22,Monaco,2023-04-12T08:27:07+02:00
179.61.240.147,"New Zealand",2023-04-12T08:27:08+02:00
179.61.240.88,"New Zealand",2023-04-12T08:27:08+02:00
179.61.240.98,"New Zealand",2023-04-12T08:27:08+02:00
138.199.59.194,Poland,2023-04-12T08:29:08+02:00
95.181.234.33,Qatar,2023-04-12T08:26:09+02:00
143.244.52.3,Romania,2023-04-12T08:27:08+02:00
143.244.54.125,Romania,2023-04-12T08:27:08+02:00
143.244.54.124,Romania,2023-04-12T08:27:08+02:00
37.46.115.24,Serbia,2023-04-12T08:29:08+02:00
46.246.41.167,Sweden,2023-04-12T08:26:10+02:00
195.246.120.107,Sweden,2023-04-12T08:26:10+02:00
195.246.120.77,Sweden,2023-04-12T08:26:10+02:00
79.142.79.29,Switzerland,2023-04-12T08:28:09+02:00
79.142.79.49,Switzerland,2023-04-12T08:28:09+02:00
212.102.37.53,Switzerland,2023-04-12T08:28:09+02:00
181.214.227.12,"US Houston",2023-04-12T08:27:10+02:00
191.96.67.225,"US Houston",2023-04-12T08:27:10+02:00
191.101.61.150,"US Las Vegas",2023-04-12T08:27:10+02:00
154.16.105.74,"US Las Vegas",2023-04-12T08:27:10+02:00
37.19.198.74,"US New York",2023-04-12T08:29:11+02:00
191.96.227.28,"US New York",2023-04-12T08:29:11+02:00
156.146.39.41,"US Texas",2023-04-12T08:27:11+02:00
156.146.39.37,"US Texas",2023-04-12T08:27:11+02:00
156.146.39.57,"US Texas",2023-04-12T08:27:11+02:00
149.18.84.65,Vietnam,2023-04-12T08:28:11+02:00
188.241.82.6,Andorra,2023-04-12T08:29:02+02:00
188.241.82.8,Andorra,2023-04-12T08:29:02+02:00
146.70.38.91,Argentina,2023-04-12T08:28:03+02:00
146.70.38.39,Argentina,2023-04-12T08:28:03+02:00
154.6.147.82,"AU Melbourne",2023-04-12T08:28:03+02:00
154.6.147.78,"AU Melbourne",2023-04-12T08:28:03+02:00
154.6.147.74,"AU Melbourne",2023-04-12T08:28:03+02:00
179.61.197.88,"CA Toronto",2023-04-12T08:28:04+02:00
191.96.36.52,"CA Toronto",2023-04-12T08:28:04+02:00
191.96.36.127,"CA Toronto",2023-04-12T08:28:04+02:00
188.241.80.58,China,2023-04-12T08:26:05+02:00
188.241.80.57,China,2023-04-12T08:26:05+02:00
188.241.80.59,China,2023-04-12T08:26:05+02:00
181.214.173.8,"DE Berlin",2023-04-12T08:29:04+02:00
191.101.157.23,"DE Berlin",2023-04-12T08:29:04+02:00
86.107.104.235,"Hong Kong",2023-04-12T08:26:06+02:00
86.107.104.243,"Hong Kong",2023-04-12T08:26:07+02:00
185.94.190.206,Hungary,2023-04-12T08:26:07+02:00
86.106.74.123,Hungary,2023-04-12T08:26:07+02:00
45.133.193.94,Iceland,2023-04-12T08:27:06+02:00
166.0.218.137,India,2023-04-12T08:28:06+02:00
166.0.218.151,India,2023-04-12T08:28:06+02:00
166.0.218.142,India,2023-04-12T08:28:06+02:00
194.32.122.35,Lithuania,2023-04-12T08:26:08+02:00
194.32.122.77,Lithuania,2023-04-12T08:26:08+02:00
194.32.122.83,Lithuania,2023-04-12T08:26:08+02:00
185.225.31.19,Macedonia,2023-04-12T08:39:09+02:00
185.225.28.238,Macedonia,2023-04-12T08:28:07+02:00
176.125.230.39,Malta,2023-04-12T08:39:09+02:00
176.125.229.21,Montenegro,2023-04-12T08:39:09+02:00
176.125.229.29,Montenegro,2023-04-12T08:26:08+02:00
176.125.229.10,Montenegro,2023-04-12T08:26:08+02:00
95.181.232.11,Morocco,2023-04-12T08:39:09+02:00
46.246.122.67,Norway,2023-04-12T08:27:08+02:00
46.246.122.181,Norway,2023-04-12T08:27:08+02:00
91.90.126.17,Panama,2023-04-12T08:26:09+02:00
91.90.126.68,Panama,2023-04-12T08:26:09+02:00
37.120.221.91,Slovakia,2023-04-12T08:27:09+02:00
37.120.221.211,Slovakia,2023-04-12T08:27:09+02:00
195.181.167.38,Spain,2023-04-12T08:29:08+02:00
212.102.49.66,Spain,2023-04-12T08:29:08+02:00
188.213.34.93,Turkey,2023-04-12T08:29:09+02:00
188.213.34.86,Turkey,2023-04-12T08:29:09+02:00
188.213.34.87,Turkey,2023-04-12T08:29:09+02:00
45.133.172.213,"UK Manchester",2023-04-12T08:26:10+02:00
45.133.172.53,"UK Manchester",2023-04-12T08:26:10+02:00
45.133.172.56,"UK Manchester",2023-04-12T08:26:10+02:00
98.159.234.153,"UK Southampton",2023-04-12T08:26:10+02:00
98.159.234.165,"UK Southampton",2023-04-12T08:26:10+02:00
98.159.234.168,"UK Southampton",2023-04-12T08:26:10+02:00
181.214.167.162,"US Atlanta",2023-04-12T08:27:10+02:00
181.214.167.199,"US Atlanta",2023-04-12T08:27:10+02:00
156.146.47.22,"US Atlanta",2023-04-12T08:27:10+02:00
181.214.166.250,"US Chicago",2023-04-12T08:27:10+02:00
212.102.59.239,"US Chicago",2023-04-12T08:27:10+02:00
181.214.166.241,"US Chicago",2023-04-12T08:27:10+02:00
95.181.237.48,Venezuela,2023-04-12T08:27:11+02:00
95.181.237.10,Venezuela,2023-04-12T08:27:11+02:00
176.125.228.40,Algeria,2023-04-12T08:29:02+02:00
179.61.228.77,"AU Perth",2023-04-12T08:29:02+02:00
179.61.228.75,"AU Perth",2023-04-12T08:29:03+02:00
191.101.210.135,"AU Sydney",2023-04-12T08:29:03+02:00
191.101.210.230,"AU Sydney",2023-04-12T08:29:03+02:00
191.101.210.236,"AU Sydney",2023-04-12T08:29:03+02:00
95.181.238.4,Bahamas,2023-04-12T08:27:04+02:00
95.181.238.90,Bahamas,2023-04-12T08:27:04+02:00
95.181.238.94,Bahamas,2023-04-12T08:27:04+02:00
181.214.218.51,Belgium,2023-04-12T08:26:05+02:00
181.214.218.57,Belgium,2023-04-12T08:39:05+02:00
172.98.68.4,"CA Montreal",2023-04-12T08:29:03+02:00
140.228.24.169,"CA Montreal",2023-04-12T08:29:03+02:00
172.98.71.72,"CA Montreal",2023-04-12T08:28:04+02:00
172.83.47.143,"CA Ontario",2023-04-12T08:29:03+02:00
172.83.47.146,"CA Ontario",2023-04-12T08:29:03+02:00
172.98.80.47,"CA Ontario",2023-04-12T08:29:04+02:00
188.126.94.69,Denmark,2023-04-12T08:29:05+02:00
188.126.94.67,Denmark,2023-04-12T08:29:05+02:00
188.126.94.80,Denmark,2023-04-12T08:29:05+02:00
188.214.122.100,Egypt,2023-04-12T08:27:05+02:00
188.214.122.104,Egypt,2023-04-12T08:27:05+02:00
188.214.122.117,Egypt,2023-04-12T08:27:05+02:00
188.126.89.54,Finland,2023-04-12T08:27:05+02:00
188.126.89.91,Finland,2023-04-12T08:27:05+02:00
188.126.89.153,Finland,2023-04-12T08:27:05+02:00
191.101.31.14,France,2023-04-12T08:26:06+02:00
191.101.31.51,France,2023-04-12T08:26:06+02:00
193.56.252.6,Ireland,2023-04-12T08:29:06+02:00
149.34.242.138,Ireland,2023-04-12T08:29:06+02:00
156.146.41.199,Italy,2023-04-12T08:27:06+02:00
156.146.41.206,Italy,2023-04-12T08:27:06+02:00
156.146.41.213,Italy,2023-04-12T08:27:06+02:00
84.252.92.11,Macao,2023-04-12T08:29:06+02:00
178.175.129.45,Moldova,2023-04-12T08:29:07+02:00
178.175.128.43,Moldova,2023-04-12T08:29:07+02:00
154.47.21.164,Netherlands,2023-04-12T08:29:07+02:00
181.214.206.150,Netherlands,2023-04-12T08:29:07+02:00
181.214.206.156,Netherlands,2023-04-12T08:29:07+02:00
91.90.126.38,Panama,2023-04-12T08:26:09+02:00
146.70.59.7,Portugal,2023-04-12T08:27:08+02:00
146.70.59.24,Portugal,2023-04-12T08:27:08+02:00
95.181.235.17,"Saudi Arabia",2023-04-12T08:26:09+02:00
95.181.235.146,"Saudi Arabia",2023-04-12T08:26:09+02:00
95.181.235.153,"Saudi Arabia",2023-04-12T08:26:09+02:00
154.47.30.44,"South Africa",2023-04-12T09:25:12+02:00
173.244.49.51,Taiwan,2023-04-12T08:29:09+02:00
84.239.42.14,Ukraine,2023-04-12T08:28:09+02:00
84.239.42.22,Ukraine,2023-04-12T08:28:09+02:00
154.6.130.154,Ukraine,2023-04-12T08:28:09+02:00
217.138.193.147,"United Arab Emirates",2023-04-12T08:39:11+02:00
143.244.48.12,"US California",2023-04-12T08:27:10+02:00
143.244.48.16,"US California",2023-04-12T08:27:10+02:00
191.96.106.145,"US California",2023-04-12T08:27:10+02:00
181.41.206.195,"US Denver",2023-04-12T08:28:10+02:00
181.41.206.230,"US Denver",2023-04-12T08:28:10+02:00
181.41.206.57,"US Denver",2023-04-12T08:28:10+02:00
102.165.16.159,"US East",2023-04-12T08:26:11+02:00
102.165.16.178,"US East",2023-04-12T08:26:11+02:00
102.165.16.214,"US East",2023-04-12T08:26:11+02:00
102.129.153.73,"US Florida",2023-04-12T08:28:10+02:00
102.129.153.99,"US Florida",2023-04-12T08:28:10+02:00
102.129.152.36,"US Florida",2023-04-12T08:28:10+02:00
66.115.165.33,"US Silicon Valley",2023-04-12T08:27:11+02:00
102.129.232.7,"US Silicon Valley",2023-04-12T08:27:11+02:00
102.129.232.41,"US Silicon Valley",2023-04-12T08:27:11+02:00
102.129.235.235,"US Washington Dc",2023-04-12T08:27:11+02:00
149.18.24.156,"US Washington Dc",2023-04-12T08:27:11+02:00
149.18.24.188,"US Washington Dc",2023-04-12T08:27:11+02:00
31.171.154.69,Albania,2023-04-12T08:28:02+02:00
31.171.154.73,Albania,2023-04-12T08:28:02+02:00
188.241.177.58,Brazil,2023-04-12T08:29:03+02:00
188.241.177.61,Brazil,2023-04-12T08:29:03+02:00
188.241.177.179,Brazil,2023-04-12T08:29:03+02:00
185.253.162.14,Cyprus,2023-04-12T08:28:05+02:00
185.253.162.22,Cyprus,2023-04-12T08:28:05+02:00
212.102.39.78,"Czech Republic",2023-04-12T08:27:05+02:00
212.102.39.79,"Czech Republic",2023-04-12T08:27:05+02:00
195.146.6.85,Greece,2023-04-12T08:26:06+02:00
91.90.124.5,"Isle Of Man",2023-04-12T08:27:06+02:00
169.150.248.229,Israel,2023-04-12T08:26:07+02:00
62.133.47.3,Kazakhstan,2023-04-12T08:26:07+02:00
62.133.47.15,Kazakhstan,2023-04-12T08:26:07+02:00
91.90.122.19,Liechtenstein,2023-04-12T08:28:07+02:00
91.90.122.4,Liechtenstein,2023-04-12T08:28:07+02:00
188.214.125.132,Philippines,2023-04-12T08:28:08+02:00
188.214.125.182,Philippines,2023-04-12T08:28:08+02:00
194.110.13.6,"UK London",2023-04-12T08:28:09+02:00
194.110.13.16,"UK London",2023-04-12T08:28:09+02:00
194.110.13.20,"UK London",2023-04-12T08:28:09+02:00
107.181.184.243,"US West",2023-04-12T08:28:11+02:00
184.170.241.120,"US West",2023-04-12T08:28:11+02:00
84.252.93.7,Bangladesh,2023-04-12T08:36:06+02:00
176.125.229.8,Montenegro,2023-04-12T08:37:07+02:00
154.47.30.82,"South Africa",2023-04-12T08:36:12+02:00
154.47.30.33,"South Africa",2023-04-12T08:36:12+02:00
154.47.30.71,"South Africa",2023-04-12T08:36:12+02:00
45.133.172.229,"UK Manchester",2023-04-12T08:37:09+02:00
45.133.172.86,"UK Manchester",2023-04-12T08:37:09+02:00
181.214.218.33,Belgium,2023-04-12T08:37:03+02:00
181.214.218.40,Belgium,2023-04-12T08:37:03+02:00
94.156.14.5,Bulgaria,2023-04-12T08:37:04+02:00
188.241.80.30,China,2023-04-12T08:38:04+02:00
191.101.31.25,France,2023-04-12T08:37:05+02:00
191.101.31.58,France,2023-04-12T08:37:05+02:00
191.101.31.17,France,2023-04-12T08:37:05+02:00
217.138.192.222,Hungary,2023-04-12T08:36:09+02:00
169.150.248.226,Israel,2023-04-12T08:38:05+02:00
169.150.227.182,Israel,2023-04-12T08:38:05+02:00
154.47.20.32,Japan,2023-04-12T08:37:06+02:00
154.47.20.73,Japan,2023-04-12T08:37:06+02:00
154.47.20.30,Japan,2023-04-12T08:36:09+02:00
196.196.53.14,Latvia,2023-04-12T08:38:06+02:00
196.196.53.4,Latvia,2023-04-12T08:38:06+02:00
194.32.122.86,Lithuania,2023-04-12T08:39:08+02:00
194.32.122.38,Lithuania,2023-04-12T08:39:08+02:00
194.32.122.41,Lithuania,2023-04-12T08:39:08+02:00
176.125.230.31,Malta,2023-04-12T08:36:10+02:00
176.125.229.12,Montenegro,2023-04-12T08:37:07+02:00
91.90.126.63,Panama,2023-04-12T08:38:07+02:00
91.90.126.67,Panama,2023-04-12T08:38:07+02:00
91.90.126.75,Panama,2023-04-12T08:38:07+02:00
95.181.234.5,Qatar,2023-04-12T08:39:10+02:00
95.181.234.15,Qatar,2023-04-12T08:39:10+02:00
95.181.235.3,"Saudi Arabia",2023-04-12T08:36:12+02:00
95.181.235.10,"Saudi Arabia",2023-04-12T08:36:12+02:00
37.120.221.212,Slovakia,2023-04-12T08:36:12+02:00
195.246.120.33,Sweden,2023-04-12T08:37:09+02:00
195.246.120.27,Sweden,2023-04-12T08:37:09+02:00
46.246.3.199,Sweden,2023-04-12T08:37:09+02:00
98.159.234.110,"UK Southampton",2023-04-12T08:36:13+02:00
98.159.234.151,"UK Southampton",2023-04-12T08:36:13+02:00
98.159.234.5,"UK Southampton",2023-04-12T08:36:13+02:00
102.165.16.79,"US East",2023-04-12T08:38:09+02:00
102.165.16.91,"US East",2023-04-12T08:38:09+02:00
102.165.16.158,"US East",2023-04-12T08:38:09+02:00
154.6.147.112,"AU Melbourne",2023-04-12T08:38:02+02:00
154.6.151.167,"AU Melbourne",2023-04-12T08:38:02+02:00
156.146.60.2,Austria,2023-04-12T08:36:06+02:00
156.146.60.84,Austria,2023-04-12T08:36:06+02:00
95.181.238.27,Bahamas,2023-04-12T08:37:03+02:00
95.181.238.6,Bahamas,2023-04-12T08:37:03+02:00
181.41.202.90,"CA Vancouver",2023-04-12T08:39:06+02:00
181.41.202.177,"CA Vancouver",2023-04-12T08:39:06+02:00
181.41.202.161,"CA Vancouver",2023-04-12T08:39:06+02:00
212.102.39.195,"Czech Republic",2023-04-12T08:37:04+02:00
212.102.39.135,"Czech Republic",2023-04-12T08:37:04+02:00
212.102.39.74,"Czech Republic",2023-04-12T08:37:04+02:00
188.214.122.118,Egypt,2023-04-12T08:38:04+02:00
188.214.122.125,Egypt,2023-04-12T08:38:04+02:00
188.214.122.99,Egypt,2023-04-12T08:38:04+02:00
188.126.89.44,Finland,2023-04-12T08:38:04+02:00
188.126.89.60,Finland,2023-04-12T08:38:04+02:00
45.133.193.37,Iceland,2023-04-12T08:36:09+02:00
45.133.193.85,Iceland,2023-04-12T08:36:09+02:00
45.133.193.87,Iceland,2023-04-12T08:36:09+02:00
91.90.124.22,"Isle Of Man",2023-04-12T08:37:06+02:00
91.90.124.31,"Isle Of Man",2023-04-12T08:37:06+02:00
156.146.41.207,Italy,2023-04-12T08:38:05+02:00
156.146.41.208,Italy,2023-04-12T08:38:05+02:00
156.146.41.71,Italy,2023-04-12T08:38:05+02:00
77.81.142.235,Mexico,2023-04-12T08:38:06+02:00
77.81.142.11,Mexico,2023-04-12T08:37:07+02:00
77.81.142.120,Mexico,2023-04-12T08:37:07+02:00
95.181.233.20,Monaco,2023-04-12T08:38:06+02:00
179.61.240.24,"New Zealand",2023-04-12T08:36:11+02:00
179.61.240.92,"New Zealand",2023-04-12T08:36:11+02:00
179.61.240.175,"New Zealand",2023-04-12T08:36:11+02:00
46.246.122.75,Norway,2023-04-12T08:38:07+02:00
46.246.122.77,Norway,2023-04-12T08:38:07+02:00
46.246.122.125,Norway,2023-04-12T08:38:07+02:00
146.70.59.37,Portugal,2023-04-12T08:38:07+02:00
143.244.52.25,Romania,2023-04-12T08:36:12+02:00
143.244.54.146,Romania,2023-04-12T08:36:12+02:00
156.146.57.194,Singapore,2023-04-12T08:38:08+02:00
156.146.57.61,Singapore,2023-04-12T08:38:08+02:00
5.182.110.102,"US Atlanta",2023-04-12T08:36:13+02:00
5.182.110.104,"US Atlanta",2023-04-12T08:36:13+02:00
181.214.167.100,"US Atlanta",2023-04-12T08:36:13+02:00
102.129.145.237,"US California",2023-04-12T08:37:10+02:00
102.129.145.241,"US California",2023-04-12T08:37:10+02:00
143.244.49.24,"US California",2023-04-12T08:37:10+02:00
181.214.165.191,"US Chicago",2023-04-12T08:36:13+02:00
212.102.59.234,"US Chicago",2023-04-12T08:36:13+02:00
181.214.165.12,"US Chicago",2023-04-12T08:36:13+02:00
191.96.67.193,"US Houston",2023-04-12T08:36:13+02:00
37.19.221.19,"US Houston",2023-04-12T08:36:13+02:00
37.19.221.11,"US Houston",2023-04-12T08:36:13+02:00
154.16.105.84,"US Las Vegas",2023-04-12T08:38:09+02:00
154.16.105.231,"US Las Vegas",2023-04-12T08:38:09+02:00
154.16.105.243,"US Las Vegas",2023-04-12T08:38:09+02:00
191.96.255.78,"US Silicon Valley",2023-04-12T08:36:14+02:00
191.96.255.192,"US Silicon Valley",2023-04-12T08:36:14+02:00
66.115.165.137,"US Silicon Valley",2023-04-12T08:37:10+02:00
156.146.39.147,"US Texas",2023-04-12T08:39:12+02:00
181.215.182.19,"US Texas",2023-04-12T08:39:13+02:00
181.215.182.29,"US Texas",2023-04-12T08:39:12+02:00
102.129.235.8,"US Washington Dc",2023-04-12T08:39:13+02:00
181.214.94.143,"US Washington Dc",2023-04-12T08:39:13+02:00
181.214.94.20,"US Washington Dc",2023-04-12T08:39:13+02:00
95.181.237.29,Venezuela,2023-04-12T08:37:11+02:00
95.181.237.6,Venezuela,2023-04-12T08:37:11+02:00
95.181.237.3,Venezuela,2023-04-12T08:37:11+02:00
31.171.154.118,Albania,2023-04-12T08:39:04+02:00
31.171.154.116,Albania,2023-04-12T08:39:04+02:00
146.70.38.28,Argentina,2023-04-12T08:39:04+02:00
146.70.38.34,Argentina,2023-04-12T08:39:04+02:00
172.98.68.3,"CA Montreal",2023-04-12T08:37:04+02:00
140.228.21.163,"CA Montreal",2023-04-12T08:37:04+02:00
140.228.21.175,"CA Montreal",2023-04-12T08:37:04+02:00
191.96.36.37,"CA Toronto",2023-04-12T08:36:07+02:00
191.96.36.68,"CA Toronto",2023-04-12T08:36:07+02:00
191.96.36.205,"CA Toronto",2023-04-12T08:36:07+02:00
188.215.235.101,Cambodia,2023-04-12T08:38:03+02:00
188.215.235.116,Cambodia,2023-04-12T08:38:03+02:00
185.253.162.8,Cyprus,2023-04-12T08:36:07+02:00
212.102.57.80,"DE Frankfurt",2023-04-12T08:38:04+02:00
212.102.57.86,"DE Frankfurt",2023-04-12T08:38:04+02:00
91.90.120.149,Greenland,2023-04-12T08:39:07+02:00
166.0.218.152,India,2023-04-12T08:37:05+02:00
91.90.122.12,Liechtenstein,2023-04-12T08:39:08+02:00
91.90.122.13,Liechtenstein,2023-04-12T08:38:06+02:00
37.46.113.177,Luxembourg,2023-04-12T08:36:10+02:00
37.46.113.209,Luxembourg,2023-04-12T08:36:10+02:00
192.142.227.17,Mongolia,2023-04-12T08:39:09+02:00
95.181.232.29,Morocco,2023-04-12T08:38:07+02:00
146.70.65.142,Nigeria,2023-04-12T08:39:10+02:00
188.214.125.185,Philippines,2023-04-12T08:39:10+02:00
188.214.125.147,Philippines,2023-04-12T08:39:10+02:00
156.146.62.200,Switzerland,2023-04-12T08:37:09+02:00
212.102.36.3,Switzerland,2023-04-12T08:37:09+02:00
143.244.39.15,"UK London",2023-04-12T08:37:09+02:00
143.244.39.26,"UK London",2023-04-12T08:37:09+02:00
143.244.39.17,"UK London",2023-04-12T08:37:09+02:00
84.239.42.17,Ukraine,2023-04-12T08:39:11+02:00
154.6.130.141,Ukraine,2023-04-12T08:39:11+02:00
181.41.206.19,"US Denver",2023-04-12T08:37:10+02:00
181.41.206.36,"US Denver",2023-04-12T08:37:10+02:00
181.41.206.178,"US Denver",2023-04-12T08:37:10+02:00
102.129.152.85,"US Florida",2023-04-12T08:36:13+02:00
102.129.153.162,"US Florida",2023-04-12T08:36:13+02:00
102.129.152.51,"US Florida",2023-04-12T08:36:13+02:00
184.170.241.89,"US West",2023-04-12T08:38:10+02:00
184.170.241.184,"US West",2023-04-12T08:38:10+02:00
184.170.241.69,"US West",2023-04-12T08:38:10+02:00
149.18.84.47,Vietnam,2023-04-12T08:37:11+02:00
149.18.84.61,Vietnam,2023-04-12T08:37:11+02:00
149.18.84.70,Vietnam,2023-04-12T08:37:11+02:00
176.125.228.6,Algeria,2023-04-12T08:38:02+02:00
176.125.228.18,Algeria,2023-04-12T08:38:02+02:00
188.241.82.10,Andorra,2023-04-12T08:39:04+02:00
188.241.82.34,Andorra,2023-04-12T08:39:04+02:00
179.61.228.4,"AU Perth",2023-04-12T08:39:05+02:00
179.61.228.13,"AU Perth",2023-04-12T08:39:05+02:00
179.61.228.69,"AU Perth",2023-04-12T08:39:05+02:00
154.16.81.48,"AU Sydney",2023-04-12T08:37:03+02:00
154.16.81.217,"AU Sydney",2023-04-12T08:37:03+02:00
146.70.98.28,Brazil,2023-04-12T08:38:03+02:00
188.241.177.59,Brazil,2023-04-12T08:38:03+02:00
172.98.92.12,"CA Ontario",2023-04-12T08:38:03+02:00
172.98.80.36,"CA Ontario",2023-04-12T08:38:03+02:00
172.98.80.30,"CA Ontario",2023-04-12T08:38:03+02:00
191.101.157.64,"DE Berlin",2023-04-12T08:36:08+02:00
191.101.157.66,"DE Berlin",2023-04-12T08:36:08+02:00
191.101.157.126,"DE Berlin",2023-04-12T08:36:08+02:00
188.126.94.109,Denmark,2023-04-12T08:36:08+02:00
188.126.94.122,Denmark,2023-04-12T08:35:06+02:00
188.126.94.172,Denmark,2023-04-12T08:35:07+02:00
165.231.182.10,Estonia,2023-04-12T08:37:05+02:00
165.231.182.111,Estonia,2023-04-12T08:37:05+02:00
165.231.182.127,Estonia,2023-04-12T08:37:05+02:00
146.70.130.23,Ireland,2023-04-12T08:36:09+02:00
188.241.178.45,Ireland,2023-04-12T08:36:09+02:00
84.252.92.4,Macao,2023-04-12T08:38:06+02:00
84.252.92.22,Macao,2023-04-12T08:38:06+02:00
178.175.129.46,Moldova,2023-04-12T08:37:07+02:00
212.102.35.140,Netherlands,2023-04-12T08:36:11+02:00
212.102.35.144,Netherlands,2023-04-12T08:36:11+02:00
181.214.206.105,Netherlands,2023-04-12T08:36:11+02:00
138.199.59.215,Poland,2023-04-12T08:37:08+02:00
138.199.59.197,Poland,2023-04-12T08:37:08+02:00
212.102.49.68,Spain,2023-04-12T08:36:12+02:00
173.244.49.76,Taiwan,2023-04-12T08:39:11+02:00
188.213.34.107,Turkey,2023-04-12T08:39:11+02:00
37.19.198.115,"US New York",2023-04-12T08:39:12+02:00
191.96.227.82,"US New York",2023-04-12T08:39:12+02:00
156.146.48.14,"US Seattle",2023-04-12T08:38:10+02:00
191.96.37.178,"US Seattle",2023-04-12T08:38:10+02:00
191.96.103.142,"US Seattle",2023-04-12T08:38:10+02:00
46.246.106.39,Denmark,2023-04-12T08:39:07+02:00
46.246.106.46,Denmark,2023-04-12T08:39:07+02:00
188.126.94.123,Denmark,2023-04-12T08:39:07+02:00
156.146.60.140,Austria,2023-04-12T08:39:05+02:00
156.146.60.10,Austria,2023-04-12T08:39:05+02:00
156.146.60.24,Austria,2023-04-12T08:39:05+02:00
191.96.36.114,"CA Toronto",2023-04-12T08:39:06+02:00
191.96.36.146,"CA Toronto",2023-04-12T08:39:06+02:00
178.249.214.55,"CA Toronto",2023-04-12T08:39:06+02:00
185.253.162.20,Cyprus,2023-04-12T08:39:06+02:00
181.214.173.174,"DE Berlin",2023-04-12T08:39:06+02:00
191.101.157.18,"DE Berlin",2023-04-12T08:39:06+02:00
181.214.173.159,"DE Berlin",2023-04-12T08:39:06+02:00
95.181.236.5,Georgia,2023-04-12T08:39:07+02:00
95.181.236.16,Georgia,2023-04-12T08:39:07+02:00
95.181.236.21,Georgia,2023-04-12T08:39:07+02:00
86.107.104.250,"Hong Kong",2023-04-12T08:39:07+02:00
86.107.104.231,"Hong Kong",2023-04-12T08:39:07+02:00
86.107.104.229,"Hong Kong",2023-04-12T08:39:07+02:00
45.133.193.36,Iceland,2023-04-12T08:39:07+02:00
149.34.242.154,Ireland,2023-04-12T08:39:08+02:00
188.241.178.37,Ireland,2023-04-12T08:39:08+02:00
193.56.252.4,Ireland,2023-04-12T08:39:08+02:00
154.47.20.102,Japan,2023-04-12T08:39:08+02:00
154.47.20.76,Japan,2023-04-12T08:39:08+02:00
154.47.20.11,Japan,2023-04-12T08:39:08+02:00
62.133.47.12,Kazakhstan,2023-04-12T08:39:08+02:00
62.133.47.18,Kazakhstan,2023-04-12T08:39:08+02:00
37.46.113.200,Luxembourg,2023-04-12T08:39:09+02:00
37.46.113.208,Luxembourg,2023-04-12T08:39:09+02:00
185.225.28.227,Macedonia,2023-04-12T08:39:09+02:00
185.225.28.231,Macedonia,2023-04-12T08:39:09+02:00
176.125.230.19,Malta,2023-04-12T08:39:09+02:00
181.214.206.192,Netherlands,2023-04-12T08:39:09+02:00
181.214.206.193,Netherlands,2023-04-12T08:39:09+02:00
212.102.35.20,Netherlands,2023-04-12T08:39:09+02:00
179.61.240.157,"New Zealand",2023-04-12T08:39:09+02:00
179.61.240.181,"New Zealand",2023-04-12T08:39:09+02:00
179.61.240.89,"New Zealand",2023-04-12T08:39:09+02:00
143.244.54.139,Romania,2023-04-12T08:39:10+02:00
143.244.54.129,Romania,2023-04-12T08:39:10+02:00
143.244.52.14,Romania,2023-04-12T08:39:10+02:00
95.181.235.16,"Saudi Arabia",2023-04-12T08:39:10+02:00
37.120.221.219,Slovakia,2023-04-12T08:39:11+02:00
154.47.30.35,"South Africa",2023-04-12T08:39:11+02:00
154.47.30.78,"South Africa",2023-04-12T08:39:11+02:00
212.102.49.8,Spain,2023-04-12T08:39:11+02:00
212.102.49.77,Spain,2023-04-12T08:39:11+02:00
98.159.234.17,"UK Southampton",2023-04-12T08:39:11+02:00
98.159.234.106,"UK Southampton",2023-04-12T08:39:11+02:00
98.159.234.75,"UK Southampton",2023-04-12T08:39:11+02:00
5.182.110.152,"US Atlanta",2023-04-12T08:39:11+02:00
156.146.47.12,"US Atlanta",2023-04-12T08:39:11+02:00
156.146.47.31,"US Atlanta",2023-04-12T08:39:11+02:00
181.214.165.22,"US Chicago",2023-04-12T08:39:12+02:00
181.214.166.52,"US Chicago",2023-04-12T08:39:12+02:00
212.102.59.146,"US Chicago",2023-04-12T08:39:12+02:00
102.129.152.97,"US Florida",2023-04-12T08:39:12+02:00
102.129.153.87,"US Florida",2023-04-12T08:39:12+02:00
191.96.67.92,"US Houston",2023-04-12T08:39:12+02:00
191.96.67.112,"US Houston",2023-04-12T08:39:12+02:00
191.96.67.221,"US Houston",2023-04-12T08:39:12+02:00
66.115.165.170,"US Silicon Valley",2023-04-12T08:39:12+02:00
102.129.232.245,"US Silicon Valley",2023-04-12T08:39:12+02:00
191.96.255.180,"US Silicon Valley",2023-04-12T08:39:12+02:00
117.120.9.41,"AU Sydney",2023-04-12T08:39:05+02:00
154.16.81.193,"AU Sydney",2023-04-12T08:39:05+02:00
191.101.210.151,"AU Sydney",2023-04-12T08:39:05+02:00
95.181.238.10,Bahamas,2023-04-12T08:39:05+02:00
95.181.238.105,Bahamas,2023-04-12T08:39:05+02:00
181.214.218.45,Belgium,2023-04-12T08:39:05+02:00
94.156.14.14,Bulgaria,2023-04-12T08:39:06+02:00
172.98.68.38,"CA Montreal",2023-04-12T08:39:06+02:00
172.98.71.95,"CA Montreal",2023-04-12T08:39:06+02:00
172.98.71.148,"CA Montreal",2023-04-12T08:39:06+02:00
212.102.39.194,"Czech Republic",2023-04-12T08:39:06+02:00
212.102.39.157,"Czech Republic",2023-04-12T08:39:06+02:00
165.231.182.124,Estonia,2023-04-12T08:39:07+02:00
156.146.63.148,France,2023-04-12T08:39:07+02:00
191.101.31.15,France,2023-04-12T08:39:07+02:00
191.101.31.63,France,2023-04-12T08:39:07+02:00
195.146.4.76,Greece,2023-04-12T08:39:07+02:00
195.146.6.81,Greece,2023-04-12T08:39:07+02:00
166.0.218.136,India,2023-04-12T08:39:08+02:00
166.0.218.143,India,2023-04-12T08:39:08+02:00
91.90.124.17,"Isle Of Man",2023-04-12T08:39:08+02:00
91.90.124.8,"Isle Of Man",2023-04-12T08:39:08+02:00
77.81.142.33,Mexico,2023-04-12T08:39:09+02:00
77.81.142.113,Mexico,2023-04-12T08:39:09+02:00
138.199.59.202,Poland,2023-04-12T08:39:10+02:00
195.246.120.39,Sweden,2023-04-12T08:39:11+02:00
195.246.120.51,Sweden,2023-04-12T08:39:11+02:00
169.150.197.88,Switzerland,2023-04-12T08:39:11+02:00
156.146.62.223,Switzerland,2023-04-12T08:39:11+02:00
191.101.209.12,"UK London",2023-04-12T08:39:11+02:00
191.101.209.26,"UK London",2023-04-12T08:39:11+02:00
194.110.13.94,"UK London",2023-04-12T08:39:11+02:00
45.133.172.240,"UK Manchester",2023-04-12T08:39:11+02:00
45.133.172.94,"UK Manchester",2023-04-12T08:39:11+02:00
45.133.172.89,"UK Manchester",2023-04-12T08:39:11+02:00
102.129.145.236,"US California",2023-04-12T08:39:12+02:00
191.96.106.48,"US California",2023-04-12T08:39:12+02:00
191.96.106.67,"US California",2023-04-12T08:39:12+02:00
181.41.206.21,"US Denver",2023-04-12T08:39:12+02:00
181.41.206.31,"US Denver",2023-04-12T08:39:12+02:00
181.41.206.81,"US Denver",2023-04-12T08:39:12+02:00
95.181.237.47,Venezuela,2023-04-12T08:39:13+02:00
149.18.84.40,Vietnam,2023-04-12T08:39:13+02:00
149.18.84.72,Vietnam,2023-04-12T08:39:13+02:00
176.125.228.17,Algeria,2023-04-12T08:39:04+02:00
176.125.228.19,Algeria,2023-04-12T08:39:04+02:00
176.125.228.30,Algeria,2023-04-12T08:39:04+02:00
154.6.147.215,"AU Melbourne",2023-04-12T08:39:05+02:00
154.6.151.42,"AU Melbourne",2023-04-12T08:39:05+02:00
181.214.199.133,"AU Melbourne",2023-04-12T08:39:05+02:00
188.241.177.182,Brazil,2023-04-12T08:39:06+02:00
172.83.47.114,"CA Ontario",2023-04-12T08:39:06+02:00
172.83.47.177,"CA Ontario",2023-04-12T08:39:06+02:00
172.98.92.64,"CA Ontario",2023-04-12T08:39:06+02:00
188.241.80.65,China,2023-04-12T08:39:06+02:00
138.199.18.89,"DE Frankfurt",2023-04-12T08:39:06+02:00
212.102.57.17,"DE Frankfurt",2023-04-12T08:39:06+02:00
212.102.57.25,"DE Frankfurt",2023-04-12T08:39:06+02:00
188.126.89.58,Finland,2023-04-12T08:39:07+02:00
188.126.89.81,Finland,2023-04-12T08:39:07+02:00
188.126.89.89,Finland,2023-04-12T08:39:07+02:00
91.90.120.134,Greenland,2023-04-12T08:39:07+02:00
91.90.120.165,Greenland,2023-04-12T08:39:07+02:00
91.90.120.203,Greenland,2023-04-12T08:39:07+02:00
169.150.248.216,Israel,2023-04-12T08:39:08+02:00
156.146.41.80,Italy,2023-04-12T08:39:08+02:00
156.146.41.205,Italy,2023-04-12T08:39:08+02:00
196.196.53.90,Latvia,2023-04-12T08:39:08+02:00
196.196.53.104,Latvia,2023-04-12T08:39:08+02:00
91.90.122.9,Liechtenstein,2023-04-12T08:39:08+02:00
91.90.122.10,Liechtenstein,2023-04-12T08:39:08+02:00
84.252.92.10,Macao,2023-04-12T08:39:09+02:00
46.246.122.90,Norway,2023-04-12T08:39:10+02:00
46.246.122.49,Norway,2023-04-12T08:39:10+02:00
46.246.122.186,Norway,2023-04-12T08:39:10+02:00
91.90.126.18,Panama,2023-04-12T08:39:10+02:00
91.90.126.57,Panama,2023-04-12T08:39:10+02:00
146.70.59.6,Portugal,2023-04-12T08:39:10+02:00
37.46.115.22,Serbia,2023-04-12T08:39:10+02:00
156.146.57.58,Singapore,2023-04-12T08:39:10+02:00
156.146.57.69,Singapore,2023-04-12T08:39:10+02:00
156.146.57.197,Singapore,2023-04-12T08:39:10+02:00
37.19.197.194,"US East",2023-04-12T08:39:12+02:00
102.165.16.163,"US East",2023-04-12T08:39:12+02:00
191.96.185.196,"US East",2023-04-12T08:39:12+02:00
191.101.61.207,"US Las Vegas",2023-04-12T08:39:12+02:00
154.16.105.204,"US Las Vegas",2023-04-12T08:39:12+02:00
191.101.61.220,"US Las Vegas",2023-04-12T08:39:12+02:00
191.96.37.165,"US Seattle",2023-04-12T08:39:12+02:00
156.146.48.223,"US Seattle",2023-04-12T08:39:12+02:00
184.170.252.247,"US West",2023-04-12T08:39:13+02:00
172.98.87.142,"US West",2023-04-12T08:39:13+02:00
107.181.184.237,"US West",2023-04-12T08:39:13+02:00
